Reading	Hours	Minutes	Temperature	A1	A2	A3	A4	A5	A6	A7	A8	A9	A10	A11	A12	B1	B2	B3	B4	B5	B6	B7	B8	B9	B10	B11	B12	C1	C2	C3	C4	C5	C6	C7	C8	C9	C10	C11	C12	D1	D2	D3	D4	D5	D6	D7	D8	D9	D10	D11	D12	E1	E2	E3	E4	E5	E6	E7	E8	E9	E10	E11	E12	F1	F2	F3	F4	F5	F6	F7	F8	F9	F10	F11	F12	G1	G2	G3	G4	G5	G6	G7	G8	G9	G10	G11	G12	H1	H2	H3	H4	H5	H6	H7	H8	H9	H10	H11	H12
1	0.0	0.0		0.1307	0.1409	0.1454	0.1453	0.1482	0.1558	0.1445	0.1427	0.1459	0.1453	0.1606	0.1271	0.1428	0.1463	0.1467	0.1441	0.145	0.1485	0.1281	0.1441	0.1427	0.1388	0.1394	0.1285	0.1588	0.1493	0.147	0.1545	0.1481	0.1467	0.1878	0.1475	0.1485	0.142	0.1358	0.129	0.1561	0.1464	0.1493	0.1481	0.1481	0.1563	0.1323	0.146	0.1451	0.1464	0.1398	0.131	0.1503	0.1519	0.1479	0.1427	0.1512	0.1465	0.1354	0.1423	0.1477	0.1398	0.1417	0.1316	0.1498	0.1497	0.1504	0.1498	0.1457	0.1527	0.1363	0.1453	0.1478	0.1384	0.1257	0.1279	0.1518	0.1566	0.1529	0.1488	0.1526	0.1559	0.1319	0.1435	0.1485	0.1424	0.1425	0.1288	0.1459	0.1548	0.1462	0.1444	0.1481	0.1537	0.1327	0.1407	0.1429	0.1199	0.1238	0.1271
2	0.17	10.333333333333334		0.1338	0.1447	0.1486	0.1494	0.1516	0.1601	0.1445	0.145	0.1483	0.1457	0.1591	0.1274	0.1492	0.1517	0.1511	0.1507	0.1506	0.1548	0.1291	0.147	0.1468	0.1401	0.1419	0.1294	0.1644	0.1554	0.152	0.159	0.1527	0.154	0.2117	0.1509	0.152	0.1425	0.1374	0.1298	0.1612	0.152	0.1543	0.1532	0.1541	0.1617	0.1339	0.1511	0.1491	0.1479	0.1408	0.1312	0.1542	0.157	0.1517	0.1543	0.1563	0.1523	0.1367	0.1468	0.1514	0.1399	0.1428	0.1319	0.1539	0.1534	0.154	0.1553	0.1504	0.1582	0.1381	0.1496	0.1525	0.1401	0.1259	0.1291	0.1576	0.1603	0.1572	0.1539	0.1555	0.159	0.1328	0.1462	0.1514	0.1408	0.1449	0.1288	0.1508	0.1596	0.1502	0.1497	0.1539	0.1575	0.1342	0.1432	0.1452	0.1204	0.1258	0.1278
3	0.34	20.666666666666668		0.1408	0.1544	0.1586	0.1592	0.1608	0.1685	0.1466	0.1504	0.1551	0.1482	0.1662	0.1279	0.1564	0.1616	0.1606	0.1604	0.1586	0.1632	0.1332	0.1529	0.153	0.1403	0.1433	0.1305	0.1725	0.1651	0.1608	0.1679	0.1611	0.1623	0.2499	0.1575	0.1582	0.1429	0.1369	0.1313	0.1682	0.1601	0.1643	0.1627	0.1607	0.1711	0.1385	0.1571	0.1561	0.149	0.1417	0.1325	0.1616	0.1664	0.1613	0.1664	0.164	0.16	0.1419	0.1519	0.1578	0.1416	0.1447	0.1338	0.1608	0.162	0.1639	0.1648	0.1574	0.1671	0.1428	0.1547	0.1589	0.14	0.1263	0.1306	0.1661	0.1679	0.1659	0.1629	0.1628	0.168	0.1376	0.1517	0.1573	0.1424	0.1457	0.1311	0.1576	0.1677	0.1584	0.1584	0.1607	0.1653	0.1389	0.1465	0.1498	0.1201	0.126	0.129
4	0.52	31.0		0.1509	0.1681	0.1696	0.1711	0.1628	0.1797	0.151	0.1575	0.1598	0.1498	0.1666	0.1287	0.1634	0.1721	0.1706	0.17	0.1671	0.1721	0.1389	0.1567	0.1571	0.1393	0.142	0.1317	0.1791	0.1731	0.1705	0.1766	0.1673	0.1705	0.2782	0.1615	0.1622	0.1404	0.134	0.1316	0.1739	0.1674	0.1735	0.1709	0.1673	0.1804	0.1445	0.1607	0.159	0.1476	0.1406	0.1333	0.168	0.175	0.1698	0.1743	0.1707	0.1662	0.1486	0.154	0.1613	0.1384	0.1441	0.1345	0.1679	0.1688	0.1721	0.1739	0.164	0.1748	0.1482	0.1571	0.1613	0.1377	0.1246	0.1312	0.1721	0.1764	0.1746	0.1694	0.1693	0.1756	0.1428	0.1545	0.1588	0.1414	0.1457	0.1318	0.1623	0.1749	0.1656	0.1663	0.1651	0.1707	0.1439	0.1491	0.1529	0.1186	0.1258	0.1298
5	0.69	41.333333333333336		0.1625	0.1871	0.1889	0.1868	0.186	0.1985	0.1612	0.1642	0.1691	0.1554	0.1713	0.1323	0.1757	0.1852	0.1858	0.1846	0.1782	0.184	0.1493	0.1628	0.1627	0.141	0.1424	0.1364	0.1889	0.1876	0.1848	0.1898	0.1786	0.1814	0.2858	0.1683	0.1675	0.1422	0.1366	0.1362	0.183	0.178	0.1875	0.1826	0.1776	0.1944	0.1542	0.1673	0.1652	0.1494	0.1417	0.1377	0.1786	0.1868	0.1827	0.1887	0.1805	0.1754	0.1579	0.1585	0.1673	0.1406	0.146	0.1389	0.1778	0.1797	0.185	0.1866	0.1741	0.1862	0.1575	0.1625	0.1677	0.1389	0.1263	0.1358	0.1831	0.1875	0.1869	0.1784	0.178	0.1866	0.1509	0.1596	0.1649	0.1421	0.1467	0.1359	0.1674	0.184	0.173	0.1772	0.1722	0.177	0.1516	0.1539	0.1566	0.1203	0.1265	0.134
6	0.86	51.666666666666664		0.1765	0.2099	0.2158	0.2107	0.2021	0.2224	0.1714	0.1699	0.1798	0.1562	0.1708	0.1363	0.1875	0.1992	0.2022	0.198	0.1886	0.195	0.158	0.1678	0.1672	0.1413	0.143	0.141	0.1997	0.1999	0.2	0.2042	0.1896	0.1924	0.2815	0.173	0.173	0.1426	0.1368	0.1397	0.192	0.1877	0.2004	0.1949	0.1861	0.2083	0.162	0.1716	0.1695	0.1488	0.1421	0.1415	0.1886	0.1993	0.1958	0.1991	0.1893	0.1828	0.1654	0.1607	0.1717	0.1408	0.1454	0.1432	0.1866	0.1891	0.1966	0.1987	0.1841	0.196	0.1638	0.1661	0.1722	0.1392	0.1262	0.1392	0.1924	0.199	0.1993	0.1849	0.1865	0.1968	0.1567	0.1629	0.1683	0.1418	0.1475	0.1396	0.1702	0.1924	0.178	0.1875	0.1772	0.1813	0.1568	0.1568	0.1589	0.12	0.127	0.1373
7	1.03	62.0		0.1965	0.2404	0.2501	0.2429	0.2286	0.2559	0.1862	0.1807	0.1933	0.1596	0.1773	0.1418	0.1988	0.2155	0.2217	0.2135	0.2007	0.21	0.1678	0.1722	0.1718	0.1423	0.1435	0.1461	0.2113	0.2154	0.2192	0.2211	0.2012	0.2072	0.2802	0.1782	0.1785	0.1434	0.1376	0.1445	0.1989	0.1998	0.2165	0.2077	0.1965	0.2229	0.1703	0.1763	0.1741	0.1503	0.1424	0.1455	0.1993	0.2132	0.2117	0.211	0.1994	0.1911	0.1742	0.1643	0.1764	0.1416	0.1466	0.147	0.1971	0.2009	0.2105	0.2119	0.1937	0.2069	0.1705	0.1699	0.176	0.1401	0.1266	0.1433	0.2033	0.2109	0.213	0.1938	0.1941	0.2067	0.1626	0.1661	0.1718	0.1429	0.1474	0.1439	0.1719	0.2009	0.1823	0.1973	0.1829	0.1854	0.1608	0.1584	0.162	0.12	0.1274	0.1407
8	1.21	72.33333333333333		0.2156	0.2801	0.2893	0.2835	0.2609	0.2933	0.206	0.1986	0.2042	0.1591	0.181	0.1486	0.2078	0.2342	0.2448	0.2328	0.2147	0.2272	0.1799	0.1775	0.1769	0.1433	0.1448	0.1508	0.228	0.2355	0.2419	0.2405	0.2154	0.227	0.2833	0.1829	0.1835	0.1444	0.1386	0.1493	0.2082	0.2105	0.2336	0.2224	0.2067	0.2416	0.1801	0.1809	0.1785	0.1511	0.1428	0.1496	0.2214	0.2335	0.2286	0.2246	0.2106	0.1999	0.184	0.1671	0.1818	0.1424	0.1475	0.1512	0.2081	0.2132	0.2256	0.2262	0.2042	0.2174	0.1773	0.1733	0.1804	0.1411	0.1266	0.1468	0.2229	0.2237	0.2285	0.2024	0.2016	0.2171	0.1679	0.1687	0.1747	0.1438	0.1483	0.1471	0.1755	0.2093	0.1874	0.2073	0.1886	0.1912	0.1642	0.1601	0.1641	0.1204	0.1262	0.1444
9	1.38	82.66666666666667		0.2434	0.3228	0.3512	0.3327	0.3031	0.3462	0.2327	0.2072	0.2187	0.1644	0.1848	0.1562	0.218	0.2591	0.2698	0.2523	0.2269	0.2567	0.1935	0.1827	0.182	0.1443	0.146	0.1574	0.2278	0.2577	0.2654	0.2572	0.2398	0.2523	0.2893	0.1889	0.1888	0.1464	0.1398	0.1545	0.2195	0.2177	0.2491	0.2344	0.2129	0.2671	0.1908	0.1866	0.1828	0.1517	0.1434	0.1538	0.2254	0.236	0.2446	0.2396	0.2229	0.2061	0.1955	0.1697	0.1877	0.1435	0.1489	0.156	0.2183	0.2237	0.2391	0.2396	0.2103	0.2302	0.183	0.1779	0.1854	0.1415	0.1267	0.1506	0.2437	0.2351	0.242	0.2114	0.2057	0.2229	0.1739	0.1726	0.1791	0.1447	0.1499	0.1527	0.1849	0.2144	0.1918	0.216	0.1971	0.1968	0.1665	0.1615	0.1674	0.1207	0.126	0.1467
10	1.55	93.0		0.2739	0.3673	0.4005	0.3829	0.3332	0.3809	0.267	0.2081	0.2318	0.1658	0.1891	0.1667	0.2841	0.2648	0.306	0.2712	0.2632	0.2429	0.2124	0.1883	0.1868	0.1454	0.1465	0.1664	0.2837	0.2646	0.2856	0.3029	0.2528	0.2843	0.3009	0.1955	0.1949	0.1482	0.1412	0.1599	0.2545	0.2226	0.264	0.2382	0.2274	0.265	0.2024	0.1926	0.1875	0.1541	0.1449	0.1576	0.2377	0.2446	0.2649	0.244	0.234	0.2193	0.2094	0.1727	0.1939	0.1449	0.1505	0.1608	0.2432	0.2283	0.2539	0.2483	0.2251	0.2358	0.1892	0.1833	0.1911	0.1425	0.1274	0.1536	0.2573	0.2615	0.2549	0.219	0.2153	0.2306	0.1801	0.1761	0.1828	0.1465	0.1514	0.1554	0.2547	0.2297	0.1992	0.2292	0.206	0.2058	0.1682	0.1635	0.1696	0.1207	0.1251	0.1476
11	1.72	103.33333333333334		0.3029	0.4089	0.4473	0.4096	0.3738	0.4294	0.3082	0.2365	0.2432	0.1672	0.192	0.1752	0.2851	0.296	0.3266	0.294	0.2422	0.3586	0.2451	0.193	0.191	0.1469	0.1479	0.1772	0.2728	0.3119	0.3202	0.276	0.2527	0.2558	0.3281	0.2093	0.2032	0.1501	0.1417	0.1663	0.2341	0.2437	0.2797	0.2688	0.2328	0.2803	0.2149	0.1997	0.1907	0.1559	0.1451	0.1626	0.2515	0.2646	0.2637	0.2726	0.261	0.2297	0.226	0.1762	0.207	0.1468	0.1527	0.1646	0.2554	0.2627	0.268	0.2633	0.2405	0.2449	0.1942	0.1901	0.1997	0.1434	0.128	0.1565	0.2914	0.259	0.2655	0.2347	0.2295	0.2457	0.1849	0.1798	0.1864	0.1477	0.1535	0.1578	0.1996	0.2382	0.2049	0.2483	0.2166	0.236	0.1691	0.1679	0.1738	0.1201	0.1248	0.1415
12	1.89	113.66666666666666		0.3243	0.4322	0.4778	0.4446	0.4084	0.4472	0.3582	0.2554	0.2601	0.1733	0.1957	0.1904	0.2946	0.2781	0.2955	0.2799	0.3246	0.3347	0.2896	0.2057	0.198	0.1475	0.1493	0.1612	0.3103	0.3334	0.3055	0.4246	0.2973	0.3509	0.3379	0.2167	0.2077	0.1507	0.1415	0.168	0.2594	0.2458	0.2663	0.2968	0.2516	0.2893	0.23	0.2066	0.1979	0.1568	0.1457	0.1612	0.2928	0.3063	0.267	0.2868	0.2685	0.2601	0.2437	0.1793	0.2129	0.1475	0.1537	0.1673	0.2717	0.2647	0.2677	0.2692	0.2779	0.2633	0.2054	0.1948	0.207	0.1437	0.1268	0.16	0.2824	0.268	0.2691	0.2561	0.2433	0.2756	0.1902	0.1879	0.1926	0.1486	0.1547	0.1604	0.1992	0.2891	0.2044	0.2363	0.2291	0.2308	0.1685	0.1654	0.176	0.1195	0.1227	0.1423
13	2.07	124.0		0.3381	0.4382	0.5124	0.4678	0.4246	0.4769	0.4119	0.2721	0.2762	0.1804	0.2004	0.2053	0.3233	0.3452	0.3591	0.2992	0.2817	0.3332	0.3024	0.2052	0.2125	0.1491	0.1512	0.1706	0.3296	0.2893	0.3051	0.28	0.3287	0.3044	0.351	0.2157	0.23	0.1529	0.1428	0.1594	0.2711	0.2523	0.2605	0.2937	0.2641	0.351	0.2472	0.2168	0.208	0.1592	0.1475	0.1557	0.3021	0.2964	0.2818	0.3087	0.2751	0.2643	0.2831	0.1855	0.2162	0.1498	0.1564	0.1691	0.2578	0.2849	0.3359	0.2767	0.2632	0.2884	0.2214	0.1993	0.2149	0.145	0.1278	0.1608	0.2879	0.2981	0.2745	0.2592	0.2534	0.278	0.2005	0.1986	0.2001	0.1507	0.1578	0.1618	0.2048	0.2873	0.209	0.2853	0.2228	0.2112	0.1682	0.1615	0.1735	0.1202	0.1213	0.1452
14	2.24	134.33333333333334		0.3548	0.4612	0.5344	0.4769	0.4418	0.4972	0.4763	0.2954	0.2959	0.1852	0.2064	0.2243	0.3466	0.385	0.3008	0.3192	0.3317	0.3323	0.3197	0.2213	0.2197	0.1506	0.1554	0.1846	0.3513	0.3498	0.3652	0.3186	0.3135	0.3047	0.3834	0.2378	0.2252	0.1553	0.1445	0.1773	0.2801	0.2791	0.2645	0.3003	0.266	0.3696	0.2537	0.2275	0.2119	0.1623	0.1488	0.1571	0.319	0.3073	0.284	0.3689	0.2903	0.3075	0.3067	0.1888	0.2221	0.152	0.1591	0.1644	0.2766	0.3001	0.2859	0.2989	0.293	0.2997	0.2371	0.211	0.2203	0.1465	0.1287	0.1525	0.2832	0.3212	0.3084	0.2727	0.2719	0.2909	0.2134	0.203	0.2067	0.153	0.1603	0.1545	0.2049	0.2845	0.2156	0.2873	0.2242	0.2117	0.1668	0.1748	0.1768	0.1196	0.1228	0.145
15	2.41	144.66666666666666		0.3792	0.4724	0.5408	0.4974	0.4446	0.5151	0.5394	0.3092	0.3097	0.1889	0.2115	0.2456	0.3746	0.3681	0.3873	0.3667	0.3305	0.3552	0.2891	0.2299	0.2377	0.1546	0.1574	0.1993	0.3719	0.3428	0.3655	0.3288	0.3452	0.3829	0.4225	0.2453	0.2293	0.1593	0.148	0.1847	0.293	0.2936	0.3039	0.3314	0.3003	0.3583	0.2855	0.2336	0.2284	0.1661	0.1543	0.1726	0.3224	0.3483	0.3019	0.3491	0.3135	0.2902	0.2844	0.1959	0.2491	0.156	0.1644	0.1726	0.2822	0.3133	0.293	0.3238	0.305	0.3148	0.2536	0.2283	0.2434	0.1496	0.1312	0.1514	0.2815	0.3356	0.319	0.283	0.2829	0.2822	0.2179	0.2154	0.2168	0.1569	0.1661	0.153	0.2055	0.2848	0.2177	0.2927	0.2291	0.2301	0.1612	0.1731	0.1842	0.1196	0.1256	0.1462
16	2.58	155.0		0.386	0.4792	0.5575	0.5093	0.4748	0.5248	0.6092	0.3308	0.3275	0.1933	0.2166	0.2653	0.3926	0.3768	0.3653	0.3746	0.3533	0.3872	0.3253	0.2377	0.2404	0.1563	0.1583	0.2141	0.3901	0.3708	0.4355	0.3979	0.3689	0.397	0.4753	0.2471	0.2444	0.1617	0.1476	0.2127	0.297	0.3388	0.3565	0.3461	0.3215	0.3706	0.3019	0.2536	0.231	0.1685	0.1532	0.179	0.3255	0.3571	0.3656	0.3788	0.337	0.3182	0.2819	0.2073	0.2618	0.1568	0.1675	0.1796	0.2789	0.3164	0.3319	0.3372	0.3248	0.3202	0.2563	0.2288	0.2521	0.1495	0.131	0.1722	0.2789	0.3366	0.3322	0.301	0.2749	0.3256	0.2217	0.2201	0.2155	0.1583	0.1698	0.1528	0.2013	0.2826	0.2145	0.2974	0.227	0.2273	0.1626	0.1741	0.188	0.1219	0.1238	0.1459
17	2.76	165.33333333333334		0.3811	0.4784	0.5539	0.5209	0.4846	0.5185	0.6701	0.3482	0.3443	0.1962	0.225	0.2957	0.4063	0.3962	0.4368	0.3886	0.3861	0.4088	0.3552	0.2556	0.2529	0.1583	0.1621	0.2208	0.4026	0.3922	0.4037	0.4158	0.3745	0.4172	0.5004	0.2602	0.257	0.1651	0.1506	0.2142	0.3026	0.33	0.3459	0.3733	0.3547	0.3983	0.3207	0.2609	0.2494	0.1705	0.1515	0.1744	0.3281	0.371	0.3617	0.3988	0.3615	0.3338	0.3239	0.2039	0.246	0.1605	0.1709	0.1873	0.2783	0.345	0.3417	0.3463	0.3364	0.3536	0.2531	0.2292	0.2634	0.1515	0.1338	0.1639	0.2792	0.3378	0.344	0.2996	0.3043	0.3186	0.2196	0.2281	0.2237	0.1628	0.1743	0.1574	0.2023	0.2831	0.2139	0.2997	0.228	0.225	0.1662	0.1736	0.183	0.1232	0.1237	0.1457
18	2.93	175.66666666666666		0.381	0.4804	0.5584	0.5164	0.4796	0.5208	0.7073	0.3526	0.3612	0.2041	0.2273	0.3349	0.419	0.4164	0.3941	0.4145	0.3957	0.4252	0.4082	0.2642	0.2715	0.163	0.1671	0.2334	0.4215	0.3965	0.4505	0.4306	0.3837	0.4223	0.521	0.281	0.2664	0.1704	0.1537	0.2145	0.3048	0.3277	0.3638	0.3947	0.3602	0.4142	0.326	0.2714	0.2543	0.1754	0.1544	0.1737	0.3298	0.3817	0.3799	0.4077	0.3765	0.3629	0.3518	0.2129	0.2672	0.1663	0.1749	0.1875	0.2782	0.3514	0.3654	0.3629	0.3543	0.3519	0.2408	0.2412	0.2666	0.1549	0.1383	0.1602	0.2778	0.3532	0.3474	0.3014	0.3082	0.3233	0.2138	0.2272	0.2163	0.1674	0.173	0.1592	0.2037	0.2806	0.2159	0.2969	0.2313	0.2283	0.1677	0.1751	0.1847	0.1233	0.1252	0.1469
19	3.1	186.0		0.3797	0.4806	0.5609	0.5172	0.483	0.5221	0.7027	0.3709	0.3721	0.2048	0.2334	0.3647	0.4251	0.4387	0.4081	0.4119	0.3985	0.448	0.5435	0.2761	0.286	0.1646	0.1701	0.2435	0.4304	0.4266	0.462	0.4248	0.4009	0.4239	0.4946	0.2936	0.2811	0.172	0.156	0.2151	0.3032	0.3481	0.3654	0.4042	0.3714	0.4257	0.3365	0.283	0.2681	0.1786	0.1541	0.1706	0.3285	0.3935	0.412	0.4181	0.389	0.3667	0.3824	0.2223	0.2897	0.1684	0.1751	0.1858	0.2778	0.3519	0.3795	0.3579	0.364	0.3525	0.2332	0.2413	0.2695	0.1541	0.1372	0.1606	0.2766	0.3562	0.3443	0.2938	0.3124	0.3299	0.2201	0.2262	0.2261	0.1661	0.1765	0.1581	0.2024	0.2817	0.2169	0.2943	0.2296	0.2271	0.1662	0.1739	0.1841	0.1225	0.1239	0.146
20	3.27	196.33333333333334		0.3849	0.4794	0.5257	0.5101	0.4844	0.5219	0.7011	0.3792	0.3914	0.2157	0.2396	0.3934	0.4337	0.4487	0.4282	0.4548	0.4214	0.4471	0.5342	0.297	0.3008	0.1704	0.1757	0.2586	0.4374	0.4227	0.4621	0.4342	0.409	0.4325	0.4939	0.3081	0.3049	0.1751	0.1613	0.2183	0.3051	0.357	0.3785	0.4035	0.3772	0.4383	0.3538	0.2966	0.285	0.183	0.1586	0.1727	0.3303	0.405	0.4168	0.4336	0.4018	0.3702	0.3828	0.234	0.3011	0.1711	0.1812	0.1873	0.2765	0.3572	0.3855	0.3606	0.3701	0.3575	0.2343	0.2545	0.2805	0.1586	0.1368	0.1619	0.2761	0.3544	0.3561	0.3034	0.3252	0.324	0.2259	0.2336	0.2312	0.1681	0.1775	0.1587	0.2006	0.2816	0.2182	0.2954	0.2309	0.2264	0.1679	0.1753	0.1843	0.1237	0.1251	0.146
21	3.44	206.66666666666666		0.3821	0.4773	0.5734	0.5231	0.4802	0.5209	0.6956	0.3851	0.4005	0.2216	0.2494	0.4185	0.4409	0.4476	0.4408	0.441	0.4142	0.4679	0.572	0.3108	0.3096	0.1723	0.1783	0.272	0.4444	0.4311	0.4468	0.4584	0.4172	0.4376	0.4717	0.3231	0.3167	0.1778	0.1628	0.2176	0.3032	0.3558	0.382	0.4056	0.3846	0.4421	0.3584	0.3097	0.2909	0.1824	0.157	0.171	0.329	0.4104	0.4276	0.4335	0.4086	0.3756	0.3853	0.2351	0.3155	0.1728	0.1827	0.1859	0.2755	0.3591	0.3733	0.3578	0.3753	0.3603	0.236	0.2495	0.2935	0.1581	0.1329	0.161	0.2737	0.3534	0.3482	0.2979	0.3164	0.3244	0.2176	0.2342	0.2288	0.1702	0.1794	0.1572	0.1984	0.2779	0.2169	0.2926	0.2313	0.2262	0.1673	0.1728	0.183	0.1226	0.1238	0.1453
22	3.62	217.0		0.3747	0.4772	0.5667	0.5204	0.4719	0.5214	0.701	0.4024	0.3968	0.23	0.257	0.4494	0.4468	0.4479	0.4448	0.4401	0.4372	0.4628	0.5493	0.3214	0.3254	0.1757	0.1823	0.2883	0.4496	0.4495	0.4511	0.4609	0.4217	0.4323	0.4693	0.3377	0.3283	0.1818	0.1657	0.2188	0.3015	0.3539	0.3878	0.4135	0.3911	0.4524	0.3528	0.3226	0.2932	0.1848	0.1582	0.1704	0.327	0.4146	0.4233	0.4401	0.4181	0.3807	0.3862	0.2375	0.3267	0.1747	0.1869	0.1859	0.275	0.3597	0.3734	0.3487	0.3778	0.3547	0.2627	0.2527	0.2895	0.157	0.1333	0.1609	0.2719	0.348	0.3506	0.2947	0.3121	0.321	0.2239	0.2368	0.2282	0.1695	0.1805	0.157	0.1996	0.2763	0.2171	0.2927	0.2309	0.2254	0.1677	0.1724	0.1833	0.1225	0.1239	0.1454
23	3.79	227.33333333333334		0.3793	0.4762	0.5698	0.5245	0.4815	0.5092	0.702	0.4025	0.4068	0.2367	0.2642	0.4708	0.4493	0.4643	0.4465	0.4564	0.4436	0.4496	0.5569	0.3351	0.334	0.1804	0.1872	0.3078	0.4562	0.4524	0.467	0.462	0.4286	0.4409	0.4618	0.3517	0.3388	0.188	0.1699	0.2213	0.303	0.359	0.3981	0.417	0.3977	0.4558	0.3563	0.3342	0.3019	0.1892	0.1593	0.1713	0.3278	0.4165	0.4337	0.4537	0.4226	0.3868	0.4004	0.2366	0.3362	0.179	0.1922	0.1868	0.2753	0.3629	0.3703	0.3551	0.3777	0.36	0.2554	0.2561	0.2974	0.1595	0.1342	0.1621	0.275	0.3497	0.352	0.2968	0.3134	0.326	0.2283	0.235	0.2273	0.1715	0.1822	0.1572	0.1988	0.2777	0.2189	0.2911	0.2308	0.2256	0.1694	0.1731	0.1838	0.1237	0.1248	0.1453
24	3.96	237.66666666666666		0.3801	0.4764	0.5738	0.5308	0.4851	0.5359	0.6937	0.4154	0.4074	0.2434	0.2721	0.4889	0.4457	0.4544	0.4546	0.4681	0.4345	0.4641	0.5526	0.3476	0.3427	0.1839	0.1911	0.3211	0.4588	0.4503	0.4618	0.4663	0.4356	0.4455	0.4861	0.3592	0.3518	0.1924	0.1714	0.2228	0.3012	0.3652	0.3955	0.4224	0.4002	0.4615	0.354	0.3422	0.3066	0.1907	0.1598	0.1712	0.3263	0.4153	0.4316	0.4529	0.4282	0.3909	0.4113	0.2406	0.3454	0.1814	0.1936	0.1861	0.2738	0.3639	0.3765	0.357	0.3803	0.359	0.2556	0.2581	0.2976	0.1604	0.1351	0.1614	0.2727	0.3477	0.3471	0.2967	0.318	0.3289	0.222	0.2351	0.2281	0.1722	0.1824	0.1575	0.1993	0.2766	0.2199	0.2903	0.2317	0.2269	0.1691	0.1731	0.1831	0.1233	0.1245	0.1457
25	4.13	248.0		0.3812	0.4769	0.5714	0.5103	0.4835	0.528	0.6934	0.4136	0.4209	0.2488	0.281	0.5062	0.4481	0.4446	0.4648	0.4665	0.4356	0.4685	0.5451	0.3527	0.3552	0.1864	0.1938	0.3372	0.4574	0.4542	0.4644	0.465	0.4379	0.451	0.4886	0.3695	0.3586	0.1936	0.172	0.2224	0.2991	0.3635	0.3927	0.4282	0.402	0.4624	0.3634	0.3475	0.3074	0.191	0.1583	0.1696	0.3234	0.4178	0.4336	0.4518	0.4328	0.3956	0.4095	0.2398	0.3479	0.1825	0.1937	0.1845	0.2711	0.3623	0.3722	0.3571	0.3811	0.3578	0.2599	0.2566	0.2975	0.1609	0.1341	0.1602	0.2712	0.3464	0.343	0.2925	0.3095	0.3225	0.2253	0.2329	0.2252	0.1711	0.1815	0.1561	0.1975	0.2755	0.2167	0.2889	0.2291	0.2253	0.1686	0.1716	0.1815	0.1226	0.1232	0.1449
26	4.31	258.3333333333333		0.3841	0.4738	0.5417	0.5192	0.4875	0.5122	0.6896	0.4233	0.4283	0.2584	0.2873	0.5202	0.4487	0.4541	0.4688	0.4725	0.4442	0.4753	0.5512	0.365	0.3643	0.1919	0.1987	0.3518	0.4625	0.4596	0.4712	0.4641	0.4395	0.4561	0.5106	0.3789	0.3699	0.1988	0.1756	0.2254	0.3	0.3686	0.3994	0.4297	0.4042	0.4587	0.36	0.3544	0.313	0.1944	0.1605	0.1709	0.3243	0.4203	0.4378	0.4551	0.437	0.4005	0.4018	0.2416	0.3537	0.1857	0.1959	0.1855	0.2721	0.3646	0.3679	0.3561	0.3821	0.3624	0.2522	0.2577	0.2987	0.1616	0.1358	0.1611	0.2698	0.3517	0.3462	0.2952	0.3151	0.3266	0.2255	0.2332	0.2286	0.1722	0.1827	0.1566	0.1982	0.2746	0.218	0.2892	0.2305	0.2259	0.1696	0.1723	0.1829	0.1229	0.1242	0.1455
27	4.48	268.6666666666667		0.382	0.4742	0.5549	0.5107	0.4861	0.5258	0.6912	0.4296	0.4286	0.2646	0.2935	0.521	0.445	0.4494	0.473	0.4669	0.4458	0.4565	0.5547	0.37	0.3726	0.1956	0.2026	0.3684	0.4612	0.4625	0.4743	0.4692	0.4424	0.4457	0.5067	0.3868	0.3784	0.2033	0.1774	0.2268	0.2993	0.3621	0.4018	0.4342	0.4075	0.4656	0.3573	0.3604	0.3153	0.195	0.1609	0.1703	0.323	0.4213	0.4396	0.4589	0.4408	0.4015	0.4059	0.2417	0.3614	0.1873	0.1968	0.1857	0.2709	0.3646	0.3704	0.3567	0.3843	0.3622	0.2539	0.2577	0.2983	0.162	0.136	0.1611	0.2693	0.3489	0.3446	0.2933	0.3159	0.3234	0.2239	0.2345	0.2278	0.173	0.1823	0.1565	0.1981	0.2743	0.2176	0.289	0.2299	0.225	0.1704	0.1717	0.1819	0.1234	0.1241	0.1449
28	4.65	279.0		0.3745	0.4675	0.5727	0.5075	0.4825	0.522	0.6757	0.4289	0.4208	0.2687	0.3009	0.5032	0.4449	0.4499	0.4782	0.4646	0.4495	0.4502	0.5505	0.3749	0.3774	0.1995	0.2047	0.3764	0.465	0.4607	0.475	0.4747	0.4442	0.4481	0.5107	0.3908	0.382	0.2066	0.1779	0.2287	0.2972	0.368	0.4046	0.4358	0.4102	0.4702	0.3609	0.3633	0.318	0.1938	0.1588	0.1689	0.3219	0.4251	0.4414	0.4575	0.4411	0.4019	0.4005	0.24	0.3653	0.1871	0.1959	0.1838	0.2684	0.3645	0.3664	0.3544	0.3828	0.3628	0.2487	0.2551	0.2974	0.1614	0.1342	0.1589	0.2671	0.347	0.3432	0.2908	0.3131	0.3223	0.2228	0.2343	0.2262	0.1719	0.1811	0.1548	0.1961	0.2733	0.2162	0.2852	0.2292	0.2241	0.1691	0.1702	0.1801	0.1217	0.1226	0.1437
29	4.82	289.3333333333333		0.3787	0.4678	0.5461	0.5067	0.4836	0.5227	0.6793	0.4293	0.4316	0.277	0.3083	0.5149	0.4451	0.4557	0.4652	0.4651	0.4448	0.4623	0.5499	0.3795	0.3811	0.2033	0.2088	0.3848	0.4663	0.4511	0.4811	0.4704	0.4474	0.452	0.5176	0.3966	0.3878	0.2105	0.1799	0.2298	0.2961	0.365	0.3997	0.4375	0.4115	0.4692	0.3645	0.3682	0.3198	0.194	0.158	0.1685	0.3213	0.4266	0.4444	0.4586	0.4412	0.4023	0.4066	0.2416	0.3678	0.1873	0.1969	0.1834	0.2704	0.3647	0.365	0.3564	0.3846	0.3637	0.2475	0.2557	0.2974	0.1608	0.1346	0.1589	0.2662	0.3492	0.347	0.2905	0.3108	0.3228	0.2222	0.2328	0.2258	0.1724	0.1809	0.1545	0.1958	0.2726	0.2156	0.2853	0.2281	0.2237	0.17	0.1703	0.1802	0.1223	0.1228	0.144
30	4.99	299.6666666666667		0.3816	0.4683	0.5501	0.5112	0.4844	0.5242	0.6815	0.4381	0.4352	0.285	0.3158	0.5235	0.4498	0.4586	0.4701	0.4619	0.4498	0.4617	0.5511	0.3846	0.3875	0.2086	0.2138	0.3936	0.4667	0.4497	0.4763	0.4693	0.4469	0.4535	0.5178	0.4006	0.3937	0.2163	0.1835	0.2338	0.2977	0.3675	0.4062	0.4355	0.4158	0.4716	0.3657	0.3736	0.3228	0.1956	0.1594	0.169	0.3223	0.4319	0.4486	0.4581	0.4467	0.4052	0.4061	0.2436	0.3739	0.1893	0.1979	0.1846	0.2701	0.3665	0.3665	0.3564	0.3894	0.3667	0.2467	0.2571	0.2993	0.1621	0.1354	0.16	0.2667	0.3508	0.3458	0.2882	0.3123	0.3246	0.2225	0.2333	0.2269	0.1733	0.1822	0.1551	0.197	0.2723	0.2171	0.2875	0.2297	0.2242	0.1715	0.1705	0.1817	0.1235	0.124	0.145
31	5.17	310.0		0.3823	0.4622	0.5403	0.5059	0.4843	0.5232	0.6754	0.4409	0.4339	0.2908	0.3232	0.5181	0.4484	0.4582	0.4716	0.4631	0.4538	0.4598	0.5495	0.3908	0.3865	0.2127	0.2181	0.4027	0.467	0.4516	0.4771	0.4675	0.4485	0.4639	0.5177	0.404	0.399	0.2205	0.186	0.2372	0.296	0.3698	0.4037	0.4396	0.4145	0.4719	0.3656	0.3754	0.3252	0.1956	0.1594	0.1695	0.3212	0.4303	0.4502	0.4651	0.4476	0.4057	0.4031	0.2438	0.3775	0.19	0.1978	0.1839	0.2701	0.3664	0.3699	0.3563	0.3895	0.3662	0.2475	0.2564	0.2985	0.1617	0.1357	0.1597	0.2656	0.3512	0.3454	0.2914	0.3137	0.322	0.2218	0.2321	0.2248	0.1734	0.1822	0.1554	0.1956	0.2715	0.2159	0.2865	0.2277	0.2236	0.1719	0.1713	0.181	0.1233	0.1238	0.1448
32	5.34	320.3333333333333		0.3789	0.4654	0.5586	0.503	0.4866	0.5167	0.6817	0.4352	0.4305	0.2958	0.3272	0.5215	0.4458	0.4584	0.474	0.4482	0.4515	0.4638	0.5519	0.3922	0.3893	0.2157	0.2204	0.4061	0.4665	0.4485	0.4739	0.4783	0.4476	0.4587	0.5229	0.405	0.3983	0.2225	0.1865	0.2379	0.2944	0.3669	0.4047	0.4393	0.4154	0.4695	0.3603	0.3791	0.3262	0.1948	0.1577	0.1671	0.32	0.4352	0.4499	0.4641	0.4467	0.4061	0.402	0.2421	0.3783	0.1887	0.1967	0.1826	0.2682	0.3624	0.3651	0.3524	0.3902	0.3677	0.2453	0.2552	0.2967	0.1601	0.1344	0.158	0.2645	0.3497	0.3434	0.2904	0.3142	0.3202	0.2202	0.2307	0.2246	0.1717	0.1802	0.1533	0.1935	0.2696	0.2152	0.2845	0.2269	0.2221	0.1706	0.1691	0.1794	0.1222	0.1227	0.1433
33	5.51	330.6666666666667		0.3797	0.466	0.5484	0.498	0.486	0.5162	0.6733	0.437	0.4303	0.3023	0.3344	0.4996	0.4476	0.4623	0.4698	0.4516	0.4524	0.4638	0.551	0.3945	0.394	0.2209	0.2259	0.4171	0.4688	0.4512	0.4707	0.4718	0.4487	0.4548	0.5239	0.4097	0.4026	0.2276	0.1893	0.2411	0.2971	0.3701	0.4056	0.4454	0.4172	0.4746	0.3586	0.3823	0.3285	0.1958	0.1593	0.1682	0.3212	0.4343	0.4535	0.4675	0.4493	0.4086	0.4027	0.2434	0.3833	0.1901	0.1984	0.1835	0.2695	0.3641	0.3661	0.3558	0.3893	0.3644	0.2479	0.2559	0.2978	0.1613	0.1355	0.1588	0.2648	0.3496	0.345	0.2903	0.3148	0.321	0.2205	0.2315	0.2258	0.1726	0.1817	0.1544	0.1946	0.2697	0.2142	0.2831	0.2281	0.2225	0.1725	0.1704	0.1815	0.1233	0.1233	0.1446
34	5.68	341.0		0.3812	0.4676	0.5497	0.4959	0.4836	0.5224	0.6736	0.4359	0.4253	0.3074	0.339	0.4963	0.4456	0.4608	0.4666	0.4598	0.4566	0.4524	0.5491	0.3944	0.3948	0.2246	0.2293	0.4145	0.4648	0.449	0.4747	0.4726	0.4448	0.4561	0.5282	0.4111	0.4017	0.2304	0.1898	0.2423	0.2954	0.3672	0.4068	0.4438	0.4183	0.4746	0.3572	0.3832	0.3293	0.1951	0.1575	0.1665	0.3204	0.4324	0.4546	0.4675	0.4505	0.408	0.403	0.2421	0.3844	0.1894	0.1968	0.1815	0.2676	0.3636	0.3663	0.3533	0.3897	0.3652	0.2457	0.2536	0.2955	0.16	0.1343	0.1571	0.2632	0.3455	0.3435	0.2887	0.3117	0.3239	0.2189	0.2293	0.2238	0.1717	0.1803	0.1528	0.1919	0.2681	0.2133	0.2828	0.2258	0.2216	0.1701	0.1692	0.1801	0.1221	0.1225	0.1434
35	5.86	351.3333333333333		0.3812	0.4718	0.5488	0.5013	0.4872	0.5165	0.6675	0.4378	0.4273	0.3141	0.3466	0.5187	0.4477	0.4618	0.4603	0.465	0.4555	0.4547	0.5428	0.3993	0.3977	0.2303	0.2341	0.4227	0.4673	0.4513	0.4803	0.4714	0.4458	0.4623	0.5251	0.4133	0.4084	0.2356	0.1934	0.2464	0.297	0.3716	0.4102	0.4471	0.4221	0.4785	0.3555	0.3868	0.3326	0.1967	0.159	0.1675	0.322	0.4388	0.4537	0.4697	0.4523	0.41	0.4025	0.243	0.3877	0.1907	0.1984	0.1829	0.2691	0.3638	0.359	0.356	0.3909	0.3671	0.2475	0.2539	0.2957	0.1616	0.1357	0.1579	0.263	0.3488	0.3443	0.2864	0.3149	0.3257	0.219	0.2306	0.2255	0.1726	0.1813	0.1531	0.1928	0.2656	0.2135	0.2834	0.2261	0.2215	0.1714	0.1698	0.1799	0.1229	0.1238	0.1439
36	6.03	361.6666666666667		0.3816	0.4634	0.5438	0.5031	0.4854	0.5221	0.6739	0.4368	0.4282	0.3198	0.3504	0.5242	0.4485	0.4589	0.4693	0.4595	0.4578	0.4588	0.5426	0.4005	0.4019	0.2341	0.2373	0.4227	0.4673	0.4512	0.4849	0.4709	0.4454	0.4644	0.5289	0.4149	0.4094	0.2395	0.1953	0.248	0.296	0.3695	0.4113	0.4463	0.4205	0.4763	0.355	0.3883	0.335	0.1961	0.1587	0.167	0.3221	0.4395	0.4556	0.4718	0.4535	0.4101	0.402	0.2437	0.3903	0.1904	0.198	0.182	0.2687	0.3634	0.3673	0.3506	0.3892	0.3652	0.2463	0.2551	0.2963	0.1614	0.1354	0.1576	0.2627	0.3499	0.3425	0.2894	0.3151	0.3251	0.22	0.2302	0.226	0.1721	0.1813	0.1527	0.1933	0.2673	0.2144	0.2836	0.2263	0.2215	0.1715	0.1698	0.1803	0.1231	0.1234	0.1435
37	6.2	372.0		0.3827	0.4607	0.5483	0.5111	0.482	0.5234	0.67	0.4354	0.4287	0.3234	0.3546	0.5212	0.4461	0.462	0.4694	0.4563	0.4603	0.465	0.5438	0.4006	0.4	0.2375	0.2406	0.4235	0.4647	0.4501	0.4802	0.4626	0.4481	0.4541	0.5242	0.4141	0.4096	0.2422	0.1957	0.2481	0.296	0.37	0.409	0.4441	0.4223	0.4741	0.3526	0.3892	0.334	0.1943	0.1574	0.1654	0.3204	0.4395	0.4526	0.4699	0.4524	0.4096	0.3987	0.2427	0.3896	0.1891	0.1963	0.1794	0.266	0.3639	0.3657	0.352	0.389	0.3595	0.2438	0.2526	0.2937	0.1598	0.1339	0.1563	0.2602	0.3502	0.3409	0.2883	0.3129	0.3266	0.2187	0.2293	0.2228	0.1712	0.1798	0.1515	0.1916	0.2662	0.2133	0.2823	0.2257	0.2202	0.1704	0.1677	0.1779	0.122	0.1222	0.1428
38	6.37	382.3333333333333		0.3815	0.4629	0.5447	0.5081	0.485	0.5231	0.6668	0.4365	0.4271	0.33	0.357	0.518	0.4452	0.4645	0.4687	0.4586	0.4645	0.463	0.5397	0.4016	0.401	0.2413	0.2444	0.4259	0.4648	0.4547	0.4769	0.4668	0.4497	0.4526	0.5244	0.4136	0.4095	0.2452	0.1977	0.2486	0.2953	0.3696	0.4103	0.443	0.4222	0.4769	0.3499	0.3904	0.3361	0.1947	0.1575	0.1649	0.3195	0.4411	0.4493	0.4721	0.454	0.4121	0.3991	0.2424	0.392	0.1887	0.1962	0.1793	0.2651	0.3644	0.3718	0.3548	0.3891	0.3645	0.2432	0.2507	0.293	0.1594	0.134	0.1553	0.2589	0.3502	0.3412	0.2852	0.3109	0.3246	0.2188	0.2289	0.2238	0.1709	0.1797	0.1511	0.1909	0.2648	0.212	0.2824	0.2249	0.2194	0.169	0.1679	0.1775	0.1219	0.1217	0.1418
39	6.54	392.6666666666667		0.3833	0.46	0.5418	0.5037	0.4863	0.5199	0.6544	0.4354	0.4283	0.3337	0.3623	0.5129	0.4471	0.4668	0.4631	0.4542	0.4582	0.4624	0.5384	0.402	0.4021	0.2455	0.2482	0.4281	0.465	0.4542	0.4793	0.4651	0.4507	0.4555	0.5202	0.4145	0.4112	0.2493	0.1993	0.2509	0.2949	0.3697	0.4096	0.4462	0.4235	0.4771	0.3476	0.3904	0.3366	0.1943	0.1572	0.1642	0.3197	0.4409	0.4483	0.4729	0.4551	0.4133	0.397	0.2427	0.3926	0.1886	0.1964	0.179	0.2662	0.3661	0.3655	0.3518	0.3896	0.3613	0.2411	0.2507	0.2942	0.1597	0.1341	0.1552	0.2586	0.3499	0.3398	0.2868	0.3128	0.3252	0.2189	0.2286	0.2234	0.1708	0.1797	0.1505	0.1901	0.2643	0.2116	0.2826	0.2248	0.2191	0.1705	0.1674	0.177	0.122	0.1219	0.1421
40	6.72	403.0		0.3849	0.4585	0.5435	0.5058	0.4829	0.5206	0.6664	0.4344	0.4241	0.3393	0.3658	0.5051	0.4476	0.467	0.4657	0.4512	0.4604	0.4616	0.5338	0.4021	0.402	0.2499	0.2521	0.4282	0.4667	0.4512	0.4747	0.4639	0.4482	0.4616	0.5185	0.4157	0.4117	0.2528	0.2013	0.2569	0.295	0.3691	0.4081	0.4425	0.4242	0.4786	0.35	0.3921	0.3388	0.1944	0.1572	0.1638	0.3206	0.4407	0.4506	0.4734	0.4549	0.4136	0.3967	0.2432	0.3938	0.1886	0.196	0.1786	0.264	0.3665	0.3653	0.3547	0.3904	0.3641	0.2419	0.2509	0.2937	0.1596	0.1341	0.1543	0.2576	0.3519	0.3415	0.2837	0.3135	0.3246	0.2176	0.2265	0.2219	0.171	0.1797	0.1501	0.1898	0.2648	0.2114	0.2819	0.2248	0.2187	0.1701	0.1673	0.1771	0.1219	0.122	0.1417
41	6.89	413.3333333333333		0.3862	0.46	0.5415	0.5059	0.4889	0.5185	0.6627	0.4344	0.426	0.3448	0.3688	0.5122	0.4465	0.4679	0.4636	0.4572	0.4605	0.4661	0.5247	0.4031	0.4039	0.2535	0.2552	0.4293	0.4661	0.4518	0.4784	0.4718	0.4497	0.4605	0.524	0.4164	0.412	0.2564	0.2031	0.2568	0.2952	0.3705	0.4108	0.4438	0.4212	0.4796	0.3498	0.3927	0.3388	0.1939	0.157	0.1636	0.3207	0.4417	0.4537	0.4745	0.4559	0.4148	0.3913	0.2433	0.3948	0.189	0.1958	0.1786	0.2633	0.3657	0.3635	0.3546	0.3896	0.3662	0.2417	0.25	0.2946	0.1596	0.134	0.1537	0.2588	0.351	0.34	0.2835	0.3152	0.3239	0.2173	0.2274	0.222	0.1706	0.1794	0.1498	0.1895	0.2644	0.2105	0.2803	0.2236	0.2185	0.171	0.1675	0.1769	0.1216	0.1217	0.1422
42	7.06	423.6666666666667		0.387	0.4602	0.5455	0.5095	0.4883	0.518	0.6601	0.4366	0.426	0.3482	0.3738	0.5162	0.4482	0.4698	0.4658	0.4574	0.4637	0.4699	0.5146	0.404	0.4045	0.2598	0.2597	0.4307	0.4682	0.4568	0.4797	0.4698	0.4514	0.454	0.5277	0.4167	0.4134	0.2614	0.2064	0.2617	0.2963	0.3721	0.4113	0.4479	0.4253	0.4812	0.3509	0.3946	0.3415	0.1958	0.1584	0.1648	0.3212	0.4436	0.4542	0.4772	0.458	0.4174	0.398	0.2452	0.3968	0.1902	0.1974	0.1798	0.2642	0.3675	0.3686	0.3546	0.3923	0.3697	0.2426	0.2508	0.2952	0.161	0.1355	0.1551	0.2587	0.3529	0.3417	0.287	0.3165	0.3274	0.2184	0.2278	0.2233	0.1718	0.18	0.1506	0.19	0.2648	0.2115	0.2818	0.2242	0.2189	0.1714	0.1675	0.1775	0.1227	0.1233	0.1422
43	7.23	434.0		0.3868	0.4549	0.5373	0.5081	0.4886	0.5192	0.6628	0.436	0.4271	0.3531	0.3769	0.523	0.4472	0.4704	0.4679	0.4584	0.465	0.4717	0.5193	0.4042	0.4057	0.2631	0.2635	0.4324	0.4678	0.456	0.4836	0.4752	0.4487	0.4593	0.5216	0.4179	0.4114	0.2649	0.208	0.2621	0.2962	0.3728	0.411	0.4495	0.4272	0.4809	0.3499	0.3954	0.3418	0.1955	0.1583	0.1639	0.3208	0.4454	0.4515	0.4772	0.459	0.418	0.3961	0.2447	0.3974	0.19	0.1969	0.1788	0.2644	0.3675	0.3696	0.3551	0.3919	0.3705	0.2419	0.2498	0.2931	0.1608	0.1351	0.1547	0.2578	0.3511	0.3394	0.2873	0.3153	0.3276	0.2182	0.2271	0.2229	0.1717	0.1801	0.1506	0.1901	0.2646	0.2106	0.2811	0.224	0.2191	0.1721	0.1675	0.1773	0.1229	0.123	0.1425
44	7.41	444.3333333333333		0.3841	0.4621	0.5316	0.5106	0.4884	0.5202	0.6519	0.4331	0.4255	0.3572	0.3784	0.5223	0.4469	0.4689	0.468	0.4587	0.4664	0.4731	0.5193	0.4025	0.4051	0.2666	0.2659	0.4327	0.467	0.4526	0.4815	0.473	0.4484	0.4599	0.5197	0.4168	0.4115	0.2671	0.2087	0.2634	0.2952	0.3713	0.4132	0.4466	0.4237	0.477	0.3482	0.3944	0.3417	0.1941	0.1567	0.1622	0.3196	0.4449	0.4508	0.4752	0.4584	0.4167	0.3933	0.2438	0.3976	0.1882	0.1956	0.1776	0.2629	0.3663	0.3691	0.356	0.3913	0.3691	0.2407	0.249	0.2934	0.1591	0.134	0.1529	0.256	0.3482	0.3382	0.2845	0.316	0.3247	0.2166	0.2256	0.2217	0.1702	0.1787	0.1492	0.1885	0.2623	0.2089	0.2796	0.223	0.2173	0.172	0.1659	0.1759	0.1217	0.1218	0.141
45	7.58	454.6666666666667		0.3884	0.4631	0.535	0.5119	0.4908	0.5188	0.6512	0.4369	0.4277	0.3625	0.3829	0.5076	0.4482	0.471	0.4634	0.4593	0.4681	0.4745	0.5192	0.4045	0.4066	0.2719	0.2705	0.4355	0.4678	0.4544	0.4824	0.4717	0.4498	0.4613	0.5195	0.4191	0.4151	0.2721	0.2119	0.2648	0.2958	0.3742	0.4144	0.4463	0.4257	0.4804	0.3503	0.396	0.3428	0.1952	0.1579	0.1632	0.3216	0.4476	0.4565	0.4777	0.4605	0.419	0.3963	0.2456	0.3994	0.1896	0.1966	0.1786	0.2637	0.368	0.3697	0.3541	0.3932	0.3699	0.2421	0.2496	0.2967	0.1604	0.135	0.1542	0.2571	0.35	0.3391	0.2842	0.3173	0.3241	0.2181	0.2271	0.2226	0.1713	0.1797	0.1502	0.1893	0.2637	0.2095	0.2797	0.2245	0.218	0.1744	0.1671	0.1767	0.1228	0.123	0.1427
46	7.75	465.0		0.3887	0.4633	0.5361	0.5122	0.491	0.5211	0.6587	0.4381	0.428	0.3657	0.385	0.5049	0.4492	0.4697	0.4679	0.4542	0.4654	0.4748	0.5218	0.4054	0.4063	0.2762	0.2739	0.4347	0.469	0.4569	0.4739	0.4703	0.4504	0.4635	0.5196	0.4196	0.4145	0.2759	0.2138	0.2672	0.296	0.3746	0.4167	0.4471	0.4269	0.4793	0.3487	0.3953	0.3441	0.195	0.1577	0.1626	0.3214	0.4493	0.4556	0.4773	0.4633	0.4191	0.3967	0.2456	0.3999	0.1895	0.1964	0.1784	0.2636	0.3684	0.3683	0.3564	0.3939	0.3674	0.2416	0.2496	0.2959	0.1603	0.1351	0.1537	0.2566	0.35	0.3402	0.2833	0.3177	0.3257	0.2172	0.2262	0.223	0.1712	0.1793	0.15	0.1886	0.2637	0.2103	0.2798	0.2226	0.218	0.174	0.1669	0.1759	0.1229	0.123	0.1427
47	7.92	475.3333333333333		0.3885	0.4603	0.5394	0.5117	0.488	0.5239	0.6512	0.4364	0.4266	0.3664	0.3849	0.5141	0.448	0.469	0.4636	0.4575	0.4653	0.475	0.5212	0.4045	0.4048	0.2787	0.276	0.4326	0.468	0.4557	0.4717	0.4697	0.4499	0.4604	0.5189	0.4185	0.4132	0.2784	0.214	0.2657	0.2944	0.374	0.415	0.4454	0.4272	0.4814	0.3483	0.3939	0.3421	0.1934	0.1564	0.1608	0.3202	0.4484	0.455	0.4769	0.4618	0.4177	0.3931	0.2443	0.3986	0.188	0.1949	0.1762	0.2619	0.3665	0.3685	0.3557	0.3936	0.3661	0.239	0.248	0.2948	0.1588	0.1337	0.1523	0.2557	0.3531	0.3377	0.2827	0.3159	0.3243	0.216	0.2246	0.2207	0.17	0.1778	0.1488	0.1871	0.2618	0.2081	0.2779	0.2218	0.2168	0.1734	0.1651	0.1756	0.1213	0.1219	0.1415
48	8.09	485.6666666666667		0.391	0.4605	0.5372	0.5134	0.489	0.5228	0.6511	0.4353	0.4259	0.3703	0.3867	0.5215	0.4478	0.4696	0.4639	0.4552	0.4661	0.4793	0.5142	0.4038	0.4047	0.2829	0.2794	0.4338	0.4694	0.4559	0.4805	0.4711	0.4508	0.4614	0.5148	0.4186	0.4137	0.2819	0.2162	0.2669	0.295	0.3741	0.414	0.4463	0.4267	0.4811	0.3495	0.3951	0.3434	0.1934	0.1564	0.1606	0.3202	0.4472	0.4561	0.4779	0.4614	0.4181	0.3952	0.2441	0.4001	0.1881	0.1948	0.1761	0.2619	0.3663	0.3678	0.3558	0.3939	0.3646	0.2381	0.2491	0.2938	0.1588	0.1338	0.1517	0.2533	0.3532	0.3369	0.2843	0.3159	0.3248	0.2157	0.2243	0.2204	0.1698	0.1777	0.1483	0.1862	0.2615	0.2083	0.2788	0.2219	0.2159	0.1736	0.1652	0.1752	0.1216	0.1217	0.1407
49	8.27	496.0		0.3972	0.4637	0.5397	0.5159	0.4919	0.526	0.6507	0.4375	0.4267	0.3751	0.3881	0.5204	0.449	0.4719	0.4637	0.4634	0.4671	0.4799	0.513	0.4052	0.4056	0.2883	0.2839	0.4361	0.4711	0.4569	0.4798	0.472	0.4536	0.4636	0.5196	0.4208	0.4163	0.2861	0.219	0.2692	0.296	0.3761	0.4146	0.4488	0.4285	0.4824	0.351	0.3973	0.3444	0.1945	0.1577	0.1611	0.3224	0.4495	0.4585	0.4796	0.4621	0.4203	0.3956	0.2465	0.4013	0.1893	0.196	0.1773	0.2633	0.3677	0.3673	0.3573	0.3958	0.3663	0.2394	0.25	0.2957	0.1601	0.1351	0.1528	0.2552	0.3528	0.3372	0.2856	0.3177	0.3261	0.2165	0.2255	0.2214	0.1712	0.1789	0.1495	0.1869	0.262	0.2095	0.2796	0.2229	0.2172	0.1755	0.166	0.1756	0.1226	0.1226	0.1422
50	8.44	506.3333333333333		0.4013	0.4684	0.5402	0.5169	0.4892	0.5238	0.6371	0.4384	0.4273	0.3771	0.3891	0.5042	0.4491	0.4704	0.4657	0.4636	0.4674	0.4792	0.5059	0.4054	0.4048	0.2919	0.2873	0.4367	0.4709	0.4588	0.4798	0.4751	0.4554	0.4639	0.5201	0.421	0.4165	0.2899	0.2209	0.2701	0.2955	0.3755	0.4138	0.4504	0.4286	0.4827	0.351	0.3982	0.3455	0.1947	0.1576	0.1612	0.3219	0.449	0.4584	0.4796	0.4624	0.4201	0.3979	0.2458	0.4025	0.1891	0.1958	0.1771	0.2628	0.3678	0.3688	0.3569	0.3974	0.3661	0.2395	0.2504	0.2955	0.16	0.135	0.1525	0.2549	0.3537	0.3382	0.2838	0.318	0.3276	0.2165	0.2251	0.2212	0.1709	0.1787	0.1494	0.1867	0.2618	0.2091	0.2798	0.2224	0.2167	0.1753	0.165	0.1758	0.1225	0.1229	0.1418
51	8.61	516.6666666666666		0.4026	0.4667	0.5445	0.5184	0.4909	0.5297	0.6488	0.4387	0.4263	0.3793	0.3907	0.5205	0.4494	0.4705	0.4677	0.464	0.4678	0.4781	0.5108	0.4058	0.4055	0.296	0.2908	0.4362	0.4716	0.4591	0.4777	0.4758	0.4546	0.4641	0.5124	0.4212	0.4173	0.2943	0.2226	0.2697	0.2959	0.3765	0.4132	0.451	0.4312	0.4841	0.3507	0.3982	0.3444	0.1946	0.1574	0.161	0.3232	0.4502	0.4581	0.4799	0.4629	0.421	0.3945	0.2462	0.4025	0.1888	0.1956	0.1761	0.2628	0.3688	0.369	0.3573	0.3976	0.3669	0.2391	0.25	0.2955	0.1598	0.1349	0.1516	0.2543	0.3535	0.3376	0.2834	0.3182	0.3285	0.2168	0.2254	0.2207	0.1708	0.1788	0.1489	0.1865	0.2619	0.2088	0.2805	0.2227	0.2169	0.1762	0.1648	0.1751	0.1224	0.123	0.1415
52	8.78	527.0		0.4045	0.4672	0.5457	0.518	0.4904	0.5312	0.6404	0.4382	0.4292	0.3798	0.3903	0.5142	0.4482	0.47	0.4643	0.4606	0.4664	0.4774	0.5298	0.405	0.4043	0.2986	0.2926	0.4356	0.4708	0.4587	0.4752	0.4737	0.4554	0.4644	0.5152	0.4205	0.4161	0.2955	0.2232	0.2701	0.2947	0.375	0.412	0.451	0.4292	0.4815	0.3489	0.3976	0.3448	0.1931	0.1559	0.1592	0.3217	0.449	0.4556	0.4789	0.462	0.4195	0.3947	0.2449	0.4008	0.1872	0.1941	0.1748	0.2616	0.3682	0.3681	0.3573	0.3975	0.3653	0.2381	0.2484	0.2937	0.1582	0.1337	0.1504	0.2532	0.352	0.3367	0.2813	0.3162	0.327	0.2144	0.2239	0.2192	0.1695	0.1772	0.1469	0.1844	0.2602	0.2074	0.2784	0.2213	0.2158	0.1756	0.1643	0.1739	0.1214	0.1217	0.1408
53	8.96	537.3333333333334		0.4075	0.4696	0.5467	0.5211	0.491	0.5346	0.6421	0.4397	0.4287	0.3826	0.3923	0.5123	0.4503	0.4713	0.4665	0.4643	0.4683	0.4764	0.5227	0.4067	0.4058	0.3028	0.2961	0.4382	0.4724	0.4612	0.4788	0.475	0.4576	0.4665	0.5125	0.4216	0.4177	0.3007	0.2261	0.2709	0.2958	0.3766	0.4128	0.4528	0.4307	0.4834	0.3496	0.3993	0.3454	0.1942	0.1574	0.1601	0.3229	0.4504	0.4585	0.4807	0.4642	0.4206	0.3956	0.2466	0.4013	0.1884	0.1952	0.1755	0.2628	0.3707	0.3694	0.3577	0.3988	0.3656	0.2385	0.2495	0.2952	0.1597	0.1348	0.1514	0.2544	0.3534	0.338	0.2839	0.3178	0.3286	0.2157	0.225	0.22	0.1706	0.1785	0.1484	0.1847	0.2612	0.2081	0.2789	0.2215	0.2167	0.1779	0.1651	0.1749	0.1227	0.1226	0.1415
54	9.13	547.6666666666666		0.4112	0.471	0.5481	0.5195	0.493	0.5338	0.6424	0.4397	0.4312	0.3836	0.3923	0.5173	0.4494	0.4711	0.4662	0.4625	0.4697	0.4758	0.5078	0.4063	0.4065	0.307	0.2992	0.439	0.4725	0.4617	0.4786	0.4754	0.4584	0.4663	0.5135	0.422	0.4179	0.304	0.2278	0.2726	0.296	0.3778	0.413	0.4529	0.4317	0.4863	0.3508	0.3993	0.3467	0.1943	0.1573	0.16	0.3232	0.4503	0.4592	0.4801	0.465	0.421	0.3979	0.2469	0.4023	0.1885	0.1952	0.1755	0.2623	0.3712	0.3707	0.358	0.3991	0.3669	0.239	0.2502	0.2956	0.1596	0.1349	0.1509	0.2532	0.3536	0.3388	0.2842	0.318	0.3276	0.2157	0.2256	0.22	0.1706	0.1785	0.148	0.1852	0.2608	0.208	0.2795	0.2217	0.2159	0.1783	0.1649	0.1747	0.1225	0.1226	0.1417
55	9.3	558.0		0.4144	0.4733	0.5489	0.5189	0.4952	0.5364	0.6469	0.442	0.4307	0.3833	0.3941	0.5134	0.4498	0.4716	0.4669	0.4629	0.4688	0.4762	0.499	0.4072	0.4067	0.3105	0.3022	0.4388	0.4728	0.4618	0.4784	0.4766	0.4592	0.4655	0.5152	0.4221	0.4182	0.3077	0.2291	0.272	0.2961	0.3781	0.4129	0.4537	0.4324	0.4854	0.3519	0.3983	0.3468	0.1938	0.157	0.1595	0.3231	0.4513	0.4602	0.4813	0.465	0.4211	0.3958	0.2472	0.4029	0.1885	0.1952	0.1748	0.2622	0.3723	0.3707	0.3582	0.3994	0.3665	0.2378	0.2494	0.296	0.1594	0.1348	0.1506	0.2529	0.3527	0.3392	0.2839	0.3179	0.3279	0.2154	0.2251	0.2198	0.1702	0.1783	0.1475	0.1841	0.2604	0.2078	0.2788	0.2217	0.2159	0.1784	0.1645	0.1747	0.1225	0.1227	0.1413
56	9.47	568.3333333333334		0.4177	0.4738	0.5492	0.5152	0.4943	0.5379	0.6375	0.4399	0.4296	0.3844	0.3934	0.5129	0.4489	0.471	0.4655	0.4615	0.4672	0.4754	0.5013	0.4063	0.4056	0.3134	0.3034	0.4379	0.4721	0.462	0.4748	0.4756	0.458	0.4669	0.5121	0.4204	0.4167	0.3094	0.2295	0.2718	0.2947	0.3764	0.4128	0.4527	0.4299	0.4846	0.3502	0.3972	0.3461	0.1927	0.1556	0.1583	0.321	0.4497	0.4574	0.4807	0.4643	0.4203	0.3983	0.2458	0.4018	0.1869	0.1936	0.1733	0.2609	0.3709	0.3696	0.3575	0.3987	0.3663	0.2372	0.2479	0.295	0.1582	0.1335	0.1491	0.2514	0.352	0.3383	0.2828	0.3167	0.3264	0.2137	0.2228	0.2187	0.1691	0.1769	0.146	0.1828	0.2597	0.2066	0.2778	0.2209	0.2148	0.1776	0.1632	0.1734	0.1213	0.1215	0.1399
57	9.64	578.6666666666666		0.424	0.4778	0.5461	0.5165	0.4979	0.5374	0.6364	0.4421	0.4327	0.3862	0.3956	0.5102	0.4497	0.4716	0.4638	0.4631	0.469	0.4764	0.5063	0.4083	0.4076	0.3182	0.3069	0.44	0.4738	0.4633	0.4768	0.4768	0.46	0.4695	0.5141	0.422	0.4183	0.3138	0.2327	0.2736	0.2956	0.3785	0.4146	0.4545	0.432	0.4849	0.3515	0.3995	0.3474	0.1944	0.1571	0.1593	0.323	0.4515	0.4593	0.4831	0.4655	0.4226	0.3971	0.247	0.4045	0.188	0.1951	0.174	0.2622	0.3708	0.3711	0.3589	0.4003	0.3682	0.2389	0.2491	0.2963	0.1595	0.135	0.1501	0.2526	0.3526	0.3399	0.2833	0.3172	0.3277	0.2147	0.2241	0.2199	0.1703	0.1781	0.1467	0.1836	0.2602	0.2073	0.2793	0.2212	0.2161	0.1801	0.1644	0.1741	0.1224	0.1226	0.1411
58	9.82	589.0		0.4311	0.4811	0.5426	0.5188	0.4963	0.5396	0.6389	0.44	0.4317	0.387	0.3944	0.5108	0.4487	0.4707	0.4637	0.4622	0.4678	0.476	0.5025	0.4078	0.4071	0.3199	0.3083	0.4393	0.4727	0.4634	0.4747	0.477	0.4596	0.4682	0.5102	0.4202	0.4174	0.3151	0.233	0.2715	0.2943	0.3773	0.4127	0.4535	0.4315	0.4853	0.3504	0.3981	0.3462	0.1926	0.1558	0.1578	0.3212	0.4511	0.4576	0.4812	0.4646	0.4215	0.3964	0.2463	0.4031	0.1863	0.1932	0.1725	0.2603	0.3702	0.3692	0.3577	0.3999	0.367	0.238	0.248	0.2953	0.1581	0.1334	0.1483	0.2506	0.3521	0.3389	0.283	0.3161	0.3255	0.2131	0.2231	0.2187	0.169	0.1765	0.1452	0.1826	0.2587	0.2059	0.2778	0.22	0.2143	0.1785	0.1633	0.1729	0.1215	0.1211	0.1394
59	9.99	599.3333333333334		0.4397	0.4827	0.5462	0.5171	0.4985	0.5384	0.6418	0.442	0.4326	0.388	0.3964	0.5177	0.4498	0.4725	0.4629	0.4618	0.4698	0.4768	0.5036	0.4097	0.4096	0.3241	0.3123	0.4406	0.475	0.4649	0.4791	0.4792	0.4616	0.4705	0.5127	0.422	0.4183	0.3195	0.2355	0.2733	0.2967	0.3796	0.4142	0.454	0.4337	0.4875	0.3521	0.3995	0.3473	0.1936	0.1567	0.1588	0.3236	0.4528	0.4593	0.4832	0.4665	0.4233	0.3932	0.2477	0.4039	0.1876	0.1944	0.1731	0.2614	0.3714	0.3698	0.3587	0.4004	0.3687	0.2395	0.2492	0.2968	0.159	0.1346	0.1494	0.2517	0.3526	0.3394	0.2846	0.3175	0.3264	0.2138	0.2241	0.2191	0.1699	0.1777	0.1467	0.1829	0.2599	0.2071	0.2785	0.2204	0.2156	0.1802	0.1639	0.1739	0.1222	0.1224	0.1405
60	10.16	609.6666666666666		0.4438	0.4854	0.5426	0.516	0.5005	0.5403	0.6367	0.4408	0.4334	0.3887	0.397	0.5145	0.4495	0.4737	0.4657	0.4622	0.4699	0.4762	0.5168	0.4097	0.4098	0.3269	0.3144	0.4416	0.4751	0.4658	0.4772	0.48	0.4628	0.4717	0.5127	0.4223	0.4188	0.3229	0.2372	0.274	0.2963	0.3797	0.4144	0.4544	0.4339	0.4878	0.3519	0.4	0.3484	0.1937	0.1569	0.1585	0.3233	0.4534	0.4582	0.484	0.467	0.4239	0.3956	0.2474	0.4037	0.1874	0.1944	0.1735	0.2612	0.3722	0.3708	0.3594	0.4014	0.3693	0.2398	0.2495	0.2969	0.1592	0.1348	0.1492	0.2523	0.3533	0.3402	0.2841	0.318	0.3266	0.2136	0.2242	0.2194	0.1702	0.1775	0.1462	0.1829	0.2594	0.2073	0.2786	0.2204	0.2157	0.1806	0.164	0.1736	0.1224	0.1223	0.1407
61	10.33	620.0		0.4427	0.4874	0.5415	0.5163	0.5025	0.5419	0.6377	0.4408	0.4327	0.3889	0.3966	0.5146	0.4498	0.4739	0.4644	0.4623	0.4711	0.4764	0.5172	0.4108	0.4107	0.3299	0.3164	0.4414	0.4759	0.4664	0.4769	0.4806	0.4647	0.4723	0.5098	0.4233	0.4196	0.326	0.2388	0.2736	0.2964	0.3795	0.4131	0.4549	0.4346	0.4891	0.3513	0.4003	0.3477	0.1933	0.1567	0.1583	0.3231	0.4539	0.4593	0.4846	0.4676	0.424	0.3914	0.2479	0.4043	0.1873	0.1941	0.1729	0.2609	0.3723	0.3696	0.3579	0.4012	0.3697	0.2392	0.2491	0.2968	0.1589	0.1346	0.1493	0.2513	0.3525	0.339	0.2842	0.3176	0.3266	0.2133	0.2247	0.2189	0.1697	0.1774	0.1459	0.1824	0.2592	0.2064	0.2783	0.2215	0.2152	0.1812	0.1637	0.1736	0.1222	0.1226	0.1401
62	10.51	630.3333333333334		0.4499	0.4882	0.5436	0.5163	0.5022	0.5421	0.6396	0.4389	0.4333	0.3886	0.3973	0.5165	0.449	0.4743	0.4669	0.4614	0.471	0.4757	0.5215	0.4118	0.4108	0.333	0.3188	0.4418	0.4757	0.4675	0.4748	0.4812	0.4646	0.473	0.5069	0.4237	0.4202	0.3292	0.2406	0.2746	0.2963	0.3791	0.4135	0.4553	0.435	0.4893	0.3515	0.4008	0.3487	0.1936	0.1568	0.1582	0.3241	0.4541	0.4587	0.4849	0.4679	0.4241	0.3949	0.2475	0.4045	0.1873	0.1943	0.1729	0.2605	0.3724	0.37	0.3586	0.4016	0.3702	0.2389	0.2493	0.2966	0.1592	0.1345	0.1489	0.2513	0.353	0.3399	0.2836	0.3181	0.3268	0.2131	0.2241	0.2187	0.1699	0.177	0.1456	0.1823	0.2583	0.2064	0.278	0.2205	0.2147	0.1823	0.1636	0.173	0.1224	0.1226	0.1401
63	10.68	640.6666666666666		0.4546	0.4894	0.5414	0.5173	0.5058	0.5435	0.632	0.4379	0.4313	0.3879	0.3967	0.5157	0.4485	0.4742	0.4658	0.4604	0.4701	0.4748	0.5182	0.4113	0.4105	0.3345	0.3189	0.4414	0.4754	0.4663	0.4734	0.4803	0.4644	0.4723	0.5048	0.4227	0.4193	0.3306	0.2409	0.2735	0.2952	0.378	0.4115	0.455	0.434	0.4883	0.3506	0.3996	0.3467	0.1917	0.1551	0.1564	0.3222	0.4531	0.4572	0.4836	0.4673	0.4228	0.3907	0.2465	0.4038	0.1859	0.1926	0.1708	0.259	0.372	0.3682	0.3574	0.4002	0.3694	0.2373	0.2476	0.2952	0.1577	0.1331	0.1474	0.2492	0.3517	0.338	0.2824	0.3167	0.3261	0.2116	0.2225	0.2173	0.1683	0.1761	0.1442	0.1811	0.2572	0.2055	0.2768	0.2197	0.2141	0.1827	0.1619	0.1724	0.1213	0.1217	0.1388
64	10.85	651.0		0.4574	0.4899	0.5391	0.5188	0.5066	0.5436	0.6342	0.4372	0.4303	0.3892	0.3961	0.5144	0.4485	0.4756	0.4663	0.46	0.4702	0.4752	0.5164	0.4116	0.4106	0.3375	0.3208	0.4419	0.4756	0.4673	0.4729	0.4808	0.4654	0.473	0.5027	0.4233	0.4197	0.3331	0.2423	0.2749	0.2952	0.3783	0.4124	0.4538	0.4349	0.4889	0.3507	0.4004	0.348	0.1917	0.155	0.1564	0.3223	0.4519	0.4568	0.4844	0.4674	0.4236	0.3934	0.2464	0.4041	0.1858	0.1924	0.1707	0.259	0.3717	0.3689	0.3576	0.4009	0.3694	0.2369	0.2481	0.295	0.1579	0.1332	0.1474	0.2488	0.3527	0.339	0.2823	0.3169	0.3257	0.2112	0.2226	0.2175	0.1685	0.1756	0.1441	0.1808	0.257	0.2051	0.2772	0.2194	0.2134	0.183	0.1622	0.1721	0.1212	0.1216	0.139
65	11.02	661.3333333333334		0.4592	0.4912	0.5424	0.5196	0.5081	0.5447	0.6328	0.4359	0.4306	0.3899	0.3961	0.5157	0.449	0.4766	0.4679	0.4602	0.4701	0.4754	0.5153	0.4117	0.4114	0.3396	0.3223	0.4427	0.4761	0.4678	0.4749	0.4818	0.466	0.4744	0.5048	0.424	0.4207	0.3363	0.2438	0.2748	0.2951	0.3783	0.411	0.4543	0.4351	0.4898	0.3503	0.4001	0.347	0.1912	0.1548	0.1558	0.323	0.4534	0.4576	0.4845	0.4675	0.4241	0.3915	0.2467	0.4044	0.1859	0.1921	0.1705	0.2585	0.3724	0.368	0.3569	0.4011	0.3688	0.2369	0.2478	0.2946	0.1578	0.1332	0.1467	0.2487	0.352	0.3382	0.2821	0.3165	0.3262	0.2111	0.2222	0.217	0.1681	0.1757	0.1438	0.1804	0.2575	0.2055	0.2767	0.2192	0.2135	0.1832	0.162	0.1723	0.1212	0.1216	0.1384
66	11.19	671.6666666666666		0.4615	0.4941	0.539	0.5184	0.5096	0.5482	0.6276	0.4363	0.4309	0.3909	0.3978	0.5141	0.4501	0.479	0.4695	0.4607	0.4717	0.4768	0.5172	0.4132	0.4125	0.3434	0.3249	0.4445	0.4783	0.4698	0.4753	0.4827	0.4685	0.476	0.5035	0.4265	0.4224	0.3404	0.2469	0.2774	0.2971	0.3796	0.4126	0.4556	0.4367	0.4922	0.351	0.4022	0.3491	0.193	0.1564	0.1572	0.324	0.4547	0.4591	0.4859	0.4693	0.4258	0.3932	0.2482	0.4066	0.1872	0.1937	0.1719	0.2596	0.3733	0.37	0.3587	0.4028	0.3706	0.2382	0.2493	0.296	0.1588	0.1342	0.1481	0.2501	0.3542	0.3397	0.2826	0.3178	0.3271	0.212	0.2234	0.2184	0.1696	0.1767	0.1445	0.1813	0.2583	0.2062	0.278	0.2206	0.2141	0.1852	0.1628	0.1728	0.1223	0.1226	0.1395
67	11.37	682.0		0.462	0.493	0.5384	0.5189	0.5105	0.5468	0.6305	0.4342	0.4299	0.3898	0.3973	0.5036	0.4502	0.4787	0.47	0.4601	0.4706	0.4767	0.5133	0.4126	0.4118	0.3444	0.3249	0.4437	0.4775	0.4688	0.4732	0.4822	0.4678	0.4754	0.5007	0.4259	0.4213	0.3408	0.2466	0.2755	0.2954	0.3787	0.4096	0.454	0.4357	0.4919	0.3491	0.4006	0.3468	0.1914	0.1548	0.1555	0.3225	0.4535	0.4577	0.4854	0.468	0.4243	0.3912	0.2473	0.4058	0.1857	0.1921	0.1699	0.2581	0.372	0.3677	0.3571	0.4012	0.3693	0.2352	0.2477	0.2947	0.1576	0.1329	0.1465	0.2491	0.3526	0.338	0.2819	0.3163	0.3257	0.2102	0.2221	0.217	0.1681	0.1757	0.1433	0.18	0.2573	0.2047	0.2768	0.2185	0.214	0.1843	0.1613	0.1717	0.1213	0.1218	0.1382
68	11.54	692.3333333333334		0.4639	0.4949	0.5397	0.5192	0.5118	0.5477	0.6264	0.4339	0.4294	0.3903	0.397	0.5039	0.4506	0.4807	0.4706	0.4595	0.4705	0.4776	0.5064	0.4127	0.4114	0.3466	0.3258	0.4446	0.4783	0.469	0.4725	0.4825	0.4679	0.4758	0.4995	0.4264	0.4224	0.3432	0.2484	0.2769	0.2956	0.3784	0.4114	0.4536	0.4364	0.4918	0.3497	0.4011	0.3481	0.1912	0.1547	0.1552	0.3224	0.4542	0.4575	0.4859	0.4683	0.4252	0.3924	0.2469	0.406	0.1855	0.192	0.1699	0.2583	0.3715	0.368	0.3577	0.402	0.3694	0.2337	0.2479	0.2947	0.1578	0.1329	0.1463	0.2489	0.3525	0.3388	0.2819	0.3165	0.3258	0.2101	0.2221	0.2171	0.1681	0.1754	0.1429	0.1793	0.2561	0.2046	0.2766	0.2185	0.2135	0.1842	0.1612	0.1715	0.1213	0.1218	0.1383
69	11.71	702.6666666666666		0.471	0.4966	0.5429	0.5169	0.5165	0.5482	0.6237	0.4347	0.4303	0.3912	0.3988	0.5075	0.4522	0.482	0.4734	0.4615	0.4717	0.4785	0.5068	0.4138	0.4132	0.3495	0.3277	0.4473	0.4792	0.4711	0.4712	0.4845	0.4703	0.4768	0.5028	0.4281	0.424	0.3475	0.2511	0.2783	0.2969	0.3805	0.4114	0.4553	0.4384	0.4939	0.3508	0.4025	0.349	0.1924	0.156	0.1565	0.3237	0.4562	0.4595	0.4876	0.4708	0.427	0.3931	0.2484	0.4073	0.1869	0.1931	0.171	0.2594	0.3729	0.3688	0.3592	0.403	0.3709	0.2345	0.2493	0.2961	0.1588	0.1342	0.1475	0.2495	0.3528	0.3395	0.2829	0.3176	0.3274	0.2111	0.2234	0.2178	0.169	0.1765	0.1439	0.18	0.2571	0.2052	0.2773	0.2191	0.2137	0.1859	0.1621	0.1724	0.1222	0.1228	0.1385
70	11.88	713.0		0.4809	0.4973	0.5362	0.5226	0.5157	0.5513	0.6237	0.4341	0.4301	0.3912	0.398	0.5141	0.4527	0.4837	0.4757	0.4619	0.472	0.4797	0.5024	0.4138	0.4134	0.3508	0.3282	0.4479	0.4799	0.4719	0.4722	0.4853	0.4714	0.4775	0.5039	0.4291	0.424	0.3505	0.2529	0.2803	0.2969	0.3803	0.4122	0.455	0.4389	0.4939	0.3504	0.4028	0.3503	0.1926	0.1559	0.1562	0.3248	0.4564	0.4602	0.4875	0.471	0.4271	0.3937	0.2482	0.4075	0.1867	0.1931	0.1708	0.2591	0.3726	0.3696	0.3591	0.4038	0.3708	0.2323	0.2491	0.2967	0.159	0.1341	0.1472	0.2494	0.3535	0.3403	0.283	0.3175	0.3269	0.2108	0.223	0.2181	0.1691	0.1764	0.1432	0.18	0.2579	0.2055	0.2772	0.219	0.2143	0.1874	0.1623	0.1723	0.1224	0.123	0.1389
71	12.06	723.3333333333334		0.4773	0.4978	0.5402	0.5196	0.5177	0.5507	0.6247	0.4335	0.4289	0.3917	0.3986	0.517	0.4527	0.4855	0.4762	0.4618	0.4716	0.4809	0.5041	0.4141	0.4139	0.3519	0.3284	0.448	0.4804	0.4718	0.4716	0.485	0.4722	0.4786	0.5025	0.4295	0.4242	0.3524	0.2542	0.2809	0.297	0.3807	0.4109	0.4548	0.4391	0.4946	0.3505	0.4028	0.3499	0.1923	0.1559	0.1562	0.3246	0.4567	0.46	0.4882	0.4717	0.4276	0.3953	0.2485	0.4073	0.1866	0.1928	0.1707	0.2589	0.3725	0.3694	0.3591	0.4033	0.3708	0.2338	0.2493	0.2967	0.1586	0.134	0.1468	0.2495	0.3536	0.34	0.2832	0.3178	0.3272	0.2107	0.2232	0.2179	0.169	0.1761	0.1434	0.1795	0.2576	0.206	0.2771	0.2189	0.2147	0.1879	0.1621	0.1723	0.1222	0.1229	0.1386
72	12.23	733.6666666666666		0.4795	0.4987	0.5404	0.5209	0.5186	0.5519	0.6271	0.4323	0.429	0.3919	0.3984	0.5158	0.4539	0.4864	0.4785	0.4616	0.4717	0.4817	0.5006	0.4142	0.4136	0.3535	0.3292	0.4492	0.4805	0.4717	0.472	0.485	0.4731	0.4786	0.5043	0.4301	0.4248	0.3548	0.2556	0.2817	0.2971	0.3803	0.4118	0.4548	0.4399	0.4954	0.3503	0.4034	0.3511	0.1926	0.1561	0.1557	0.3249	0.4568	0.4603	0.4889	0.4721	0.428	0.3954	0.2485	0.4077	0.1866	0.1928	0.1704	0.2589	0.3725	0.3698	0.3595	0.4037	0.3708	0.2338	0.2495	0.2967	0.1587	0.134	0.147	0.2499	0.3538	0.3399	0.2832	0.3177	0.327	0.2105	0.2231	0.2179	0.1689	0.176	0.1427	0.1793	0.2573	0.206	0.2773	0.219	0.2129	0.1877	0.1616	0.172	0.1222	0.1229	0.1386
73	12.4	744.0		0.4825	0.4991	0.5388	0.5199	0.5198	0.5549	0.6295	0.4324	0.4284	0.3921	0.3982	0.5154	0.455	0.4885	0.4802	0.4615	0.4717	0.4828	0.4962	0.4145	0.4139	0.3547	0.3298	0.4502	0.481	0.4718	0.4717	0.4849	0.474	0.4787	0.5036	0.43	0.4253	0.3565	0.257	0.2825	0.2968	0.3809	0.4115	0.4551	0.4394	0.4963	0.3496	0.4032	0.3502	0.1924	0.1557	0.1556	0.3249	0.4575	0.4606	0.4884	0.4726	0.428	0.3943	0.2485	0.4075	0.1862	0.1928	0.1702	0.2592	0.3729	0.3693	0.359	0.4036	0.3712	0.2346	0.2493	0.2963	0.1585	0.1341	0.1467	0.2493	0.3532	0.34	0.2835	0.3177	0.3274	0.2101	0.2232	0.2176	0.1688	0.176	0.1431	0.179	0.2571	0.2064	0.2782	0.2199	0.2124	0.1881	0.1615	0.172	0.1222	0.1229	0.1384
74	12.57	754.3333333333334		0.4805	0.4983	0.5377	0.5241	0.5203	0.5523	0.625	0.4311	0.4262	0.3915	0.3975	0.5012	0.4546	0.4887	0.4803	0.4605	0.471	0.4826	0.4936	0.413	0.4127	0.3547	0.3289	0.4495	0.4794	0.4707	0.4706	0.4841	0.4728	0.4773	0.5049	0.4289	0.4242	0.3564	0.257	0.2812	0.2956	0.3794	0.411	0.4535	0.4385	0.4955	0.3494	0.4025	0.3493	0.1913	0.1544	0.1539	0.3237	0.456	0.4583	0.4872	0.4718	0.4271	0.3938	0.2474	0.4066	0.1849	0.1915	0.1689	0.2577	0.3716	0.3689	0.358	0.4029	0.3697	0.2334	0.2482	0.2944	0.157	0.1326	0.1451	0.2479	0.3525	0.3387	0.2818	0.3168	0.3259	0.2083	0.222	0.2164	0.1676	0.1747	0.1411	0.1779	0.256	0.2054	0.2766	0.2177	0.212	0.1871	0.1605	0.1705	0.1211	0.1218	0.1376
75	12.74	764.6666666666666		0.4851	0.4994	0.5385	0.5243	0.5218	0.5541	0.6274	0.432	0.4266	0.3925	0.3988	0.5115	0.4562	0.4918	0.4841	0.4631	0.473	0.4844	0.4915	0.4148	0.414	0.3571	0.3307	0.4506	0.4812	0.4721	0.4715	0.4854	0.4747	0.4789	0.508	0.4309	0.4257	0.359	0.2594	0.2837	0.2967	0.3806	0.4109	0.455	0.4399	0.4975	0.3494	0.4036	0.3507	0.1924	0.1557	0.1549	0.3263	0.4571	0.4603	0.4888	0.4739	0.4287	0.3951	0.2489	0.408	0.1864	0.1927	0.1702	0.2586	0.3729	0.3688	0.3593	0.4037	0.3714	0.2347	0.2493	0.2961	0.1584	0.134	0.1462	0.249	0.354	0.3395	0.2831	0.3181	0.327	0.2098	0.223	0.2173	0.1686	0.1758	0.1423	0.1788	0.2568	0.2057	0.2774	0.2199	0.2131	0.1883	0.1613	0.1715	0.1222	0.123	0.1382
76	12.92	775.0		0.4913	0.501	0.5355	0.5232	0.5234	0.5533	0.6252	0.4321	0.4268	0.3925	0.3986	0.5119	0.4572	0.4929	0.4855	0.4628	0.4727	0.4863	0.4891	0.4142	0.4137	0.3583	0.3306	0.4525	0.4814	0.4726	0.4715	0.4856	0.4758	0.4795	0.5169	0.431	0.4262	0.3603	0.2605	0.2851	0.297	0.3805	0.4119	0.4553	0.4404	0.498	0.3493	0.4039	0.352	0.1924	0.1556	0.1546	0.3246	0.4573	0.4612	0.4894	0.4745	0.4288	0.3961	0.2485	0.4081	0.1861	0.1928	0.1696	0.2584	0.373	0.3701	0.3593	0.4046	0.3711	0.2343	0.2498	0.2963	0.1584	0.1339	0.1459	0.2485	0.3542	0.3401	0.2835	0.3181	0.3271	0.2094	0.223	0.2175	0.1685	0.1759	0.142	0.1787	0.2569	0.2062	0.2775	0.219	0.2136	0.1893	0.1614	0.1712	0.1221	0.1229	0.1385
77	13.09	785.3333333333334		0.4923	0.501	0.5368	0.5227	0.5256	0.5548	0.6263	0.4314	0.4264	0.3927	0.3985	0.5127	0.4579	0.4946	0.4871	0.4651	0.4734	0.4875	0.4869	0.4141	0.4139	0.3583	0.3313	0.4516	0.4817	0.4722	0.4716	0.4868	0.476	0.4794	0.5217	0.431	0.4263	0.3613	0.2623	0.285	0.2972	0.3811	0.4106	0.4561	0.4405	0.4986	0.3475	0.4039	0.3506	0.192	0.1555	0.1546	0.3245	0.4574	0.4611	0.4897	0.4754	0.4291	0.3955	0.2485	0.4086	0.1861	0.1929	0.1693	0.2586	0.3731	0.3691	0.3594	0.4042	0.3712	0.2347	0.2492	0.296	0.1582	0.1338	0.1458	0.2486	0.3541	0.3389	0.2836	0.3177	0.3278	0.209	0.2229	0.2171	0.1685	0.176	0.1419	0.1786	0.2573	0.2061	0.2777	0.2193	0.213	0.1883	0.1609	0.1718	0.122	0.123	0.1378
78	13.26	795.6666666666666		0.4996	0.5029	0.5357	0.5253	0.5267	0.5554	0.6226	0.4312	0.4267	0.3929	0.3992	0.5148	0.4583	0.4968	0.4894	0.4672	0.4734	0.4892	0.4844	0.4144	0.4133	0.3593	0.3317	0.454	0.4819	0.4724	0.4715	0.488	0.4763	0.4794	0.5209	0.4317	0.4262	0.3627	0.2634	0.2864	0.2971	0.3814	0.4119	0.4561	0.4412	0.4986	0.3496	0.4042	0.3514	0.1923	0.1554	0.1546	0.3243	0.458	0.461	0.4793	0.4758	0.429	0.3965	0.2487	0.4088	0.1859	0.1926	0.1692	0.2584	0.3731	0.3697	0.3597	0.4046	0.3713	0.2345	0.2496	0.296	0.1585	0.1338	0.1455	0.2484	0.3545	0.34	0.2835	0.318	0.3269	0.2086	0.2229	0.2173	0.1685	0.1754	0.141	0.1781	0.256	0.2059	0.277	0.2181	0.2136	0.1886	0.1611	0.1709	0.122	0.1229	0.1375
79	13.43	806.0		0.504	0.5011	0.5335	0.5228	0.5265	0.5529	0.6241	0.4297	0.4241	0.3918	0.3978	0.5132	0.4591	0.4975	0.4902	0.4671	0.4733	0.4888	0.483	0.4131	0.4127	0.3587	0.3311	0.4527	0.4805	0.4709	0.4704	0.4868	0.4751	0.4781	0.5253	0.4306	0.4251	0.3622	0.2633	0.2855	0.2958	0.3804	0.4095	0.4552	0.4398	0.4983	0.3467	0.4028	0.3489	0.1909	0.1544	0.153	0.3234	0.457	0.4601	0.4781	0.4749	0.4279	0.3929	0.2474	0.4075	0.1843	0.1912	0.1674	0.2572	0.372	0.3682	0.3582	0.4032	0.3696	0.2336	0.2481	0.2953	0.1569	0.1323	0.1442	0.2472	0.353	0.3381	0.2824	0.317	0.3261	0.2075	0.2221	0.2158	0.1673	0.1744	0.14	0.1769	0.2562	0.2046	0.2758	0.2181	0.212	0.1882	0.1597	0.1701	0.1209	0.122	0.1364
80	13.61	816.3333333333334		0.5091	0.5031	0.5336	0.5245	0.5294	0.5553	0.6252	0.4307	0.4259	0.3929	0.399	0.5162	0.4609	0.5011	0.4924	0.4698	0.4748	0.4923	0.4853	0.4142	0.4134	0.3606	0.3328	0.4543	0.4816	0.4727	0.4719	0.4882	0.4771	0.4799	0.5263	0.4322	0.4261	0.3649	0.2659	0.2892	0.2973	0.3809	0.4122	0.4571	0.442	0.4996	0.3483	0.4048	0.3511	0.1925	0.1556	0.1539	0.3252	0.4592	0.4611	0.4802	0.4769	0.4302	0.3949	0.2488	0.4091	0.1859	0.1925	0.1685	0.2582	0.3731	0.3698	0.3598	0.4048	0.3708	0.2357	0.25	0.2967	0.1583	0.1338	0.1451	0.2481	0.3544	0.3394	0.2836	0.3182	0.3269	0.2081	0.223	0.2171	0.1681	0.1754	0.1406	0.1781	0.2563	0.2055	0.2777	0.2193	0.2136	0.1897	0.1608	0.1707	0.1221	0.1231	0.1373
81	13.78	826.6666666666666		0.514	0.5032	0.5333	0.5271	0.5306	0.5545	0.6264	0.4311	0.426	0.3927	0.3988	0.5138	0.4611	0.5026	0.4926	0.4712	0.476	0.4938	0.4815	0.4138	0.4133	0.3607	0.3326	0.4555	0.4816	0.4729	0.4715	0.4885	0.4771	0.4793	0.5256	0.4321	0.4264	0.3653	0.2667	0.2897	0.2972	0.3821	0.411	0.4576	0.4419	0.5005	0.3485	0.4046	0.3507	0.1921	0.1555	0.1543	0.325	0.4597	0.4614	0.4809	0.4766	0.4308	0.3948	0.2489	0.4094	0.1857	0.1923	0.1686	0.2579	0.373	0.3693	0.3593	0.4047	0.3708	0.2357	0.2496	0.2966	0.158	0.1334	0.145	0.2484	0.3544	0.3392	0.2836	0.3184	0.3269	0.2082	0.223	0.2168	0.168	0.1755	0.1409	0.1775	0.2559	0.2057	0.2765	0.2192	0.2133	0.1893	0.1603	0.1701	0.1221	0.1232	0.1372
82	13.95	837.0		0.5243	0.5038	0.5355	0.5252	0.5308	0.5539	0.629	0.4304	0.4257	0.3932	0.399	0.5148	0.4624	0.505	0.4944	0.4736	0.4763	0.4955	0.4786	0.4147	0.413	0.3618	0.3334	0.4558	0.4814	0.4732	0.4713	0.489	0.4778	0.4797	0.5249	0.4321	0.4268	0.3664	0.2681	0.2908	0.2973	0.3815	0.4117	0.4576	0.4428	0.5006	0.3489	0.4049	0.3522	0.1922	0.1554	0.154	0.3257	0.4598	0.4623	0.4809	0.4775	0.4309	0.3961	0.2489	0.4099	0.1858	0.1924	0.1683	0.2578	0.3726	0.3697	0.3598	0.4052	0.3709	0.2365	0.2499	0.2966	0.1581	0.1336	0.1448	0.2484	0.3547	0.3401	0.2834	0.3184	0.3268	0.208	0.2231	0.2172	0.1681	0.1756	0.1405	0.1778	0.256	0.2062	0.2771	0.2192	0.2129	0.1893	0.1607	0.1707	0.1221	0.1231	0.137
83	14.12	847.3333333333334		0.5229	0.4994	0.5326	0.5235	0.5296	0.5535	0.6262	0.4296	0.4237	0.3924	0.3981	0.5132	0.4616	0.5064	0.4935	0.4736	0.4767	0.4961	0.4742	0.4134	0.4117	0.3605	0.3324	0.4555	0.481	0.4711	0.4698	0.4882	0.4766	0.4784	0.526	0.4312	0.4255	0.3653	0.2677	0.2907	0.2959	0.3805	0.4099	0.4563	0.441	0.5008	0.3469	0.4032	0.3498	0.1904	0.1541	0.1523	0.3236	0.4589	0.461	0.4799	0.4771	0.43	0.3925	0.2474	0.4086	0.1844	0.1908	0.1667	0.2566	0.3714	0.3678	0.3584	0.404	0.3698	0.2349	0.2482	0.2953	0.1567	0.1323	0.1435	0.2465	0.3529	0.3378	0.2832	0.317	0.326	0.2065	0.2217	0.2156	0.1668	0.1742	0.1392	0.176	0.2551	0.2043	0.2767	0.2175	0.2123	0.1881	0.1594	0.1693	0.121	0.122	0.1354
84	14.29	857.6666666666666		0.5243	0.4984	0.5347	0.528	0.533	0.5563	0.6275	0.4309	0.4252	0.394	0.3998	0.5143	0.4635	0.5087	0.4955	0.4775	0.4783	0.4992	0.4756	0.4143	0.413	0.3624	0.3339	0.4578	0.4821	0.4735	0.4704	0.4908	0.4789	0.4803	0.5265	0.4328	0.4268	0.3677	0.2701	0.2939	0.2972	0.3813	0.4125	0.4578	0.4428	0.5028	0.3476	0.4047	0.3525	0.1919	0.1553	0.1536	0.3251	0.4597	0.4628	0.4813	0.4792	0.4314	0.3946	0.2488	0.4104	0.1855	0.1919	0.168	0.2578	0.3728	0.3693	0.3597	0.4059	0.371	0.2334	0.2503	0.2966	0.1581	0.1336	0.1448	0.2478	0.355	0.3399	0.284	0.3183	0.327	0.2075	0.2229	0.2169	0.1681	0.1752	0.14	0.1774	0.2558	0.2059	0.2792	0.2186	0.213	0.1897	0.1605	0.1705	0.1221	0.1231	0.1365
85	14.47	868.0		0.5263	0.4988	0.5347	0.5278	0.534	0.5555	0.6293	0.4311	0.4252	0.3934	0.3997	0.5132	0.4637	0.5105	0.4965	0.4785	0.4783	0.501	0.4741	0.4142	0.4131	0.3624	0.3345	0.4576	0.4823	0.473	0.4704	0.4909	0.4787	0.4803	0.5222	0.4329	0.4268	0.3683	0.2709	0.2941	0.297	0.3817	0.411	0.4584	0.4433	0.503	0.3483	0.4043	0.352	0.1915	0.1553	0.1534	0.3247	0.4605	0.4626	0.4822	0.4794	0.4316	0.3937	0.2489	0.4106	0.1856	0.1918	0.168	0.2582	0.3729	0.3693	0.3594	0.4057	0.3707	0.2329	0.2495	0.2966	0.1579	0.1334	0.1444	0.2476	0.355	0.3397	0.2845	0.3182	0.327	0.2075	0.2229	0.2165	0.1679	0.1753	0.1397	0.1769	0.2559	0.2053	0.2783	0.2186	0.2125	0.1897	0.1599	0.1707	0.1219	0.1231	0.1362
86	14.64	878.3333333333334		0.5225	0.4963	0.5309	0.5245	0.5334	0.553	0.6347	0.4298	0.4235	0.3929	0.3988	0.5131	0.4627	0.5106	0.4964	0.4784	0.4786	0.5012	0.471	0.4131	0.4123	0.3611	0.3336	0.458	0.4812	0.4717	0.4689	0.4898	0.4777	0.4784	0.524	0.4316	0.4254	0.3669	0.2702	0.2943	0.2956	0.3809	0.4094	0.4574	0.4423	0.5025	0.3474	0.403	0.3507	0.1899	0.1539	0.1521	0.3233	0.4598	0.4616	0.4809	0.478	0.4303	0.3911	0.2477	0.4093	0.1842	0.1901	0.1661	0.2565	0.3712	0.368	0.3583	0.4041	0.3695	0.2314	0.2482	0.2952	0.1563	0.1319	0.1428	0.2462	0.3532	0.3378	0.2842	0.3167	0.3256	0.2058	0.2214	0.2149	0.1666	0.1738	0.1384	0.1759	0.2552	0.2047	0.2774	0.2171	0.2123	0.1886	0.1588	0.1694	0.1208	0.122	0.1354
87	14.81	888.6666666666666		0.5262	0.4977	0.5318	0.5281	0.5356	0.5541	0.6343	0.4309	0.425	0.3945	0.4004	0.5198	0.4643	0.5143	0.4983	0.4812	0.4798	0.5042	0.4722	0.4141	0.4135	0.3627	0.3352	0.4593	0.4825	0.4734	0.4711	0.4921	0.4795	0.4802	0.525	0.4333	0.4277	0.3689	0.2728	0.2973	0.2974	0.3819	0.4112	0.4591	0.4437	0.5041	0.3477	0.4049	0.3525	0.1913	0.1551	0.153	0.325	0.4617	0.4631	0.4835	0.4804	0.4326	0.3932	0.2491	0.4112	0.1855	0.1916	0.1673	0.2575	0.3728	0.3691	0.3596	0.4057	0.3706	0.2332	0.2494	0.2965	0.1578	0.1332	0.1439	0.2475	0.355	0.3396	0.2845	0.3182	0.3269	0.2071	0.2227	0.2161	0.1679	0.1752	0.1396	0.1767	0.2561	0.2061	0.2782	0.2183	0.2131	0.1901	0.1596	0.1701	0.1219	0.1231	0.1362
88	14.98	899.0		0.5273	0.4966	0.531	0.527	0.5381	0.5535	0.6373	0.431	0.4254	0.3949	0.4004	0.5156	0.4642	0.5154	0.4984	0.4826	0.481	0.5062	0.4724	0.4143	0.4127	0.3632	0.3357	0.4606	0.4828	0.4735	0.47	0.4922	0.4801	0.4806	0.5229	0.4333	0.4275	0.3695	0.2735	0.2991	0.297	0.3816	0.4129	0.459	0.4445	0.5042	0.3484	0.4051	0.3537	0.1914	0.155	0.1529	0.3252	0.4622	0.4632	0.483	0.48	0.433	0.3942	0.2494	0.4116	0.1853	0.1916	0.1673	0.2573	0.3726	0.3697	0.3598	0.4061	0.3709	0.2338	0.2501	0.2965	0.158	0.1333	0.1438	0.2473	0.355	0.3403	0.2831	0.3181	0.3266	0.2066	0.2227	0.2166	0.1677	0.1747	0.139	0.1766	0.2554	0.207	0.2788	0.2189	0.2131	0.1911	0.1601	0.17	0.122	0.1233	0.1367
89	15.16	909.3333333333334		0.5287	0.4981	0.5305	0.53	0.5385	0.5551	0.641	0.4305	0.4253	0.3946	0.4005	0.5168	0.4645	0.5168	0.4995	0.4842	0.4827	0.5085	0.4724	0.4141	0.4134	0.3634	0.3356	0.462	0.4827	0.4735	0.4707	0.493	0.4805	0.4807	0.5231	0.4332	0.4276	0.37	0.274	0.2992	0.2972	0.3821	0.4117	0.4591	0.4444	0.505	0.3487	0.4051	0.353	0.1914	0.1548	0.153	0.3249	0.4622	0.4634	0.4839	0.4806	0.4325	0.3925	0.2497	0.4114	0.1853	0.1915	0.1671	0.2575	0.3725	0.3685	0.3601	0.406	0.3706	0.2331	0.2496	0.2965	0.1578	0.1332	0.1437	0.2469	0.3553	0.3398	0.2837	0.3181	0.3269	0.2065	0.2226	0.2161	0.1676	0.1749	0.139	0.1767	0.2555	0.2072	0.279	0.2186	0.2127	0.1907	0.1598	0.1699	0.122	0.1233	0.1368
90	15.33	919.6666666666666		0.5315	0.498	0.5306	0.5285	0.5382	0.5558	0.6415	0.4308	0.426	0.3947	0.4007	0.5193	0.4635	0.5195	0.4994	0.4857	0.4827	0.5101	0.4721	0.4143	0.4133	0.3637	0.3367	0.4628	0.4831	0.4738	0.4696	0.4937	0.4806	0.4818	0.5223	0.4339	0.4278	0.3703	0.2749	0.3012	0.2975	0.3823	0.4132	0.4592	0.4456	0.505	0.3491	0.4056	0.3541	0.1915	0.1549	0.1525	0.3249	0.4621	0.4632	0.4832	0.4809	0.4329	0.3935	0.2498	0.4115	0.1852	0.1915	0.1669	0.2569	0.3722	0.3692	0.3603	0.4067	0.3712	0.233	0.25	0.2967	0.1577	0.1333	0.1437	0.2469	0.3552	0.3406	0.2836	0.3185	0.3272	0.2064	0.2228	0.2165	0.1676	0.1749	0.1387	0.1761	0.2552	0.2083	0.2793	0.2187	0.213	0.192	0.1598	0.1698	0.122	0.1234	0.1366
91	15.5	930.0		0.5349	0.5033	0.5304	0.5298	0.5399	0.5582	0.6444	0.4309	0.4253	0.3945	0.4009	0.5179	0.4626	0.5206	0.5005	0.4882	0.4838	0.5118	0.4732	0.4146	0.4135	0.3642	0.337	0.4642	0.4833	0.4732	0.47	0.4948	0.4809	0.4822	0.5221	0.4339	0.4271	0.3704	0.2751	0.3024	0.2974	0.3821	0.4121	0.46	0.4455	0.5052	0.3497	0.4054	0.3531	0.1911	0.1548	0.1526	0.3246	0.463	0.4635	0.4841	0.4815	0.433	0.3927	0.2501	0.4119	0.185	0.1912	0.1667	0.257	0.3724	0.3688	0.3601	0.4065	0.3709	0.2329	0.2495	0.2966	0.1579	0.1333	0.1433	0.2469	0.3545	0.34	0.2838	0.3185	0.327	0.2062	0.2227	0.2163	0.1675	0.1747	0.1385	0.1762	0.2552	0.2087	0.2793	0.2184	0.2126	0.1914	0.1593	0.1697	0.1218	0.1232	0.1364
92	15.67	940.3333333333334		0.5369	0.5019	0.5309	0.5319	0.54	0.5584	0.6442	0.4309	0.4256	0.3948	0.4008	0.5179	0.4619	0.5223	0.5004	0.4893	0.4843	0.5131	0.4756	0.4143	0.4129	0.3648	0.3371	0.4645	0.4838	0.4727	0.4701	0.495	0.4808	0.4823	0.5225	0.4339	0.4276	0.3711	0.2759	0.304	0.2973	0.3817	0.4138	0.4595	0.4453	0.5058	0.3502	0.4057	0.3547	0.1912	0.1547	0.1523	0.325	0.4633	0.4634	0.484	0.4814	0.433	0.3939	0.2503	0.4122	0.1849	0.1914	0.1665	0.2574	0.372	0.3692	0.3602	0.407	0.371	0.2326	0.2499	0.2966	0.1578	0.1331	0.1431	0.2468	0.3548	0.3401	0.2835	0.3187	0.3266	0.206	0.2224	0.2165	0.1676	0.1744	0.1377	0.1756	0.2547	0.2103	0.2801	0.2185	0.2129	0.1921	0.1597	0.1697	0.1218	0.1233	0.1359
93	15.84	950.6666666666666		0.5397	0.5023	0.5308	0.5347	0.5419	0.5578	0.6529	0.4309	0.4257	0.3952	0.4001	0.519	0.462	0.5231	0.5012	0.4903	0.4855	0.515	0.4788	0.4146	0.4133	0.3649	0.3375	0.4655	0.4836	0.4727	0.4701	0.4958	0.4812	0.4822	0.5223	0.4339	0.4279	0.3713	0.276	0.305	0.2971	0.3823	0.4129	0.46	0.4458	0.5065	0.3504	0.4058	0.3538	0.1911	0.1547	0.1522	0.3247	0.4637	0.4637	0.4846	0.4818	0.4337	0.3927	0.2505	0.4121	0.1851	0.1912	0.1663	0.2569	0.372	0.369	0.3601	0.4063	0.3706	0.2323	0.2495	0.2963	0.1576	0.133	0.1429	0.247	0.3548	0.3401	0.2837	0.3185	0.3266	0.2058	0.2223	0.2161	0.1675	0.1746	0.1378	0.1756	0.2554	0.2105	0.28	0.2176	0.2126	0.1914	0.1594	0.1697	0.1219	0.1233	0.1361
94	16.02	961.0		0.5425	0.4993	0.5293	0.5358	0.542	0.559	0.6487	0.4305	0.4257	0.3954	0.4011	0.5193	0.4611	0.5256	0.5013	0.4932	0.4858	0.5171	0.4829	0.4144	0.4133	0.3655	0.3374	0.4667	0.4834	0.4738	0.47	0.4961	0.4818	0.4815	0.5211	0.4335	0.4276	0.3718	0.2768	0.3067	0.297	0.3821	0.4133	0.4606	0.4464	0.5069	0.3504	0.4063	0.3549	0.1914	0.1547	0.1521	0.3252	0.4641	0.4636	0.4846	0.4828	0.4338	0.394	0.2506	0.4125	0.185	0.1912	0.1663	0.2568	0.3721	0.3695	0.3603	0.4067	0.3711	0.233	0.2497	0.2964	0.1576	0.133	0.1425	0.247	0.3554	0.3402	0.2835	0.3186	0.3266	0.2054	0.2224	0.2163	0.1675	0.1744	0.1373	0.1755	0.2549	0.2102	0.2802	0.2182	0.2129	0.1923	0.1596	0.1695	0.122	0.1234	0.1361
95	16.19	971.3333333333334		0.5425	0.4986	0.5283	0.5361	0.5434	0.5577	0.6592	0.4305	0.426	0.3949	0.4011	0.5218	0.4604	0.5264	0.5021	0.4954	0.4869	0.5188	0.4873	0.4144	0.414	0.3648	0.3379	0.4674	0.4835	0.4736	0.4704	0.4973	0.4831	0.4821	0.5217	0.4339	0.428	0.372	0.2772	0.3079	0.2969	0.3825	0.4128	0.4605	0.4465	0.5079	0.351	0.4064	0.3541	0.1911	0.1546	0.152	0.3251	0.4645	0.4647	0.4854	0.4833	0.4342	0.3929	0.2506	0.4128	0.185	0.1909	0.1662	0.2572	0.372	0.3695	0.3602	0.4068	0.371	0.2327	0.2495	0.2963	0.1576	0.133	0.1426	0.2467	0.3545	0.34	0.2837	0.3185	0.3268	0.2053	0.2225	0.2159	0.1672	0.1745	0.137	0.1754	0.2557	0.209	0.2798	0.2179	0.2115	0.1919	0.1595	0.1694	0.1219	0.1236	0.1358
96	16.36	981.6666666666666		0.5468	0.4957	0.5296	0.5355	0.5438	0.5569	0.6611	0.4307	0.4263	0.3953	0.4014	0.5224	0.4599	0.5283	0.5019	0.4971	0.4881	0.5207	0.4941	0.4145	0.4136	0.3656	0.3382	0.469	0.4838	0.4745	0.4705	0.4977	0.4824	0.4828	0.5207	0.434	0.4277	0.3723	0.2777	0.3096	0.2969	0.3822	0.4138	0.4603	0.4467	0.5076	0.3512	0.4068	0.3553	0.1912	0.1545	0.1517	0.3249	0.4645	0.4654	0.4851	0.4836	0.4337	0.3931	0.2512	0.4133	0.1849	0.1911	0.1661	0.2571	0.372	0.3698	0.3605	0.4069	0.3711	0.2328	0.2498	0.2963	0.1576	0.1331	0.1426	0.2471	0.3557	0.3401	0.2836	0.319	0.3272	0.2051	0.2224	0.2164	0.1673	0.1742	0.1368	0.1754	0.255	0.2096	0.28	0.2179	0.2123	0.1927	0.1595	0.1693	0.122	0.1233	0.1367
97	16.53	992.0		0.5491	0.4955	0.53	0.5342	0.5436	0.5557	0.6617	0.4299	0.4242	0.3937	0.4006	0.5213	0.4577	0.5286	0.5008	0.4969	0.4878	0.5208	0.4972	0.414	0.4127	0.3645	0.3377	0.4683	0.483	0.4723	0.4691	0.498	0.4821	0.4807	0.5186	0.4326	0.4261	0.3713	0.2767	0.3091	0.2954	0.3813	0.4115	0.4594	0.4454	0.507	0.35	0.4056	0.3533	0.1895	0.1532	0.1503	0.3238	0.4636	0.4635	0.4846	0.4829	0.4326	0.3913	0.25	0.4114	0.1835	0.1895	0.1644	0.2555	0.3708	0.3679	0.3589	0.4054	0.3697	0.2314	0.2483	0.2947	0.1562	0.1316	0.141	0.2457	0.3538	0.3389	0.2827	0.3177	0.326	0.204	0.2213	0.2147	0.1661	0.1733	0.1358	0.174	0.2545	0.2073	0.2782	0.2164	0.2115	0.191	0.1582	0.1684	0.1208	0.1225	0.1351
98	16.71	1002.3333333333334		0.553	0.4937	0.5302	0.5356	0.5466	0.558	0.6645	0.4313	0.4261	0.3949	0.4017	0.5226	0.4593	0.5307	0.5018	0.5002	0.4897	0.5246	0.5026	0.415	0.4134	0.3665	0.3388	0.4708	0.484	0.4746	0.4706	0.4996	0.4829	0.483	0.5185	0.4345	0.428	0.3731	0.2787	0.3125	0.2972	0.3825	0.4139	0.4611	0.4476	0.5084	0.352	0.4073	0.3558	0.191	0.1546	0.1514	0.3253	0.4647	0.4646	0.4859	0.4854	0.4345	0.3935	0.2515	0.4132	0.1848	0.191	0.1657	0.257	0.372	0.3697	0.3603	0.4071	0.3716	0.2332	0.2501	0.2964	0.1577	0.133	0.1421	0.2463	0.3554	0.3402	0.2838	0.3191	0.3271	0.2048	0.2223	0.216	0.1671	0.1743	0.1368	0.1748	0.2553	0.2097	0.2805	0.2182	0.2126	0.1925	0.1594	0.1693	0.122	0.1234	0.1365
99	16.88	1012.6666666666666		0.5558	0.4948	0.5316	0.5368	0.5478	0.5583	0.669	0.4305	0.4255	0.3951	0.4013	0.5235	0.4581	0.5314	0.5023	0.501	0.4893	0.5258	0.5028	0.415	0.414	0.3663	0.3393	0.4714	0.484	0.4741	0.4701	0.5007	0.484	0.4829	0.5176	0.4341	0.4281	0.3733	0.2789	0.3129	0.2969	0.383	0.4127	0.4613	0.4474	0.5093	0.3522	0.4074	0.3546	0.1907	0.1545	0.1516	0.3248	0.4655	0.4652	0.4868	0.4861	0.4346	0.3921	0.2518	0.4132	0.1848	0.1907	0.1656	0.2572	0.3721	0.3689	0.3601	0.4069	0.3714	0.233	0.2498	0.2962	0.1575	0.133	0.1421	0.2468	0.3549	0.3401	0.284	0.3184	0.3269	0.2047	0.2223	0.2156	0.1671	0.1741	0.1366	0.1747	0.2547	0.2088	0.2803	0.2181	0.2123	0.1917	0.159	0.1692	0.1218	0.1233	0.1364
100	17.05	1023.0		0.5585	0.4913	0.5301	0.5358	0.5461	0.557	0.6681	0.4293	0.4254	0.3943	0.4006	0.5239	0.4565	0.5311	0.5023	0.5014	0.4902	0.5268	0.5015	0.4135	0.4127	0.3658	0.3381	0.4713	0.4828	0.473	0.4684	0.5005	0.4831	0.4819	0.5142	0.433	0.4265	0.3723	0.2779	0.3133	0.2957	0.381	0.4122	0.4599	0.4466	0.5087	0.3505	0.4065	0.3545	0.1896	0.153	0.1499	0.3235	0.4638	0.4636	0.4856	0.4848	0.4335	0.3921	0.2506	0.4125	0.1832	0.1894	0.1639	0.2555	0.3706	0.3683	0.3594	0.406	0.3706	0.232	0.2489	0.2951	0.1561	0.1318	0.1406	0.2452	0.3536	0.3385	0.2823	0.3176	0.3255	0.2033	0.2207	0.2146	0.166	0.1727	0.135	0.1736	0.2537	0.2086	0.2793	0.2168	0.2116	0.1915	0.1579	0.1683	0.1208	0.1224	0.1356
101	17.22	1033.3333333333333		0.5583	0.4913	0.5308	0.5376	0.5453	0.5587	0.6713	0.4299	0.4247	0.3944	0.4007	0.5245	0.4561	0.5319	0.5025	0.5033	0.4903	0.5286	0.5084	0.4136	0.413	0.3655	0.3384	0.4713	0.4837	0.4732	0.4689	0.5001	0.4837	0.483	0.5131	0.4331	0.4271	0.3725	0.2785	0.3143	0.2958	0.3812	0.4122	0.4605	0.4468	0.509	0.3508	0.4066	0.3537	0.1893	0.1529	0.1499	0.3237	0.464	0.4637	0.4864	0.4847	0.4334	0.3909	0.2506	0.4124	0.1833	0.1892	0.1638	0.2556	0.3705	0.3679	0.3595	0.4059	0.3704	0.2318	0.2484	0.2949	0.156	0.1314	0.1404	0.2452	0.3536	0.3389	0.2827	0.3175	0.3257	0.2031	0.2211	0.2142	0.1659	0.1731	0.1351	0.1735	0.2538	0.2078	0.2786	0.2172	0.2112	0.1911	0.1577	0.1681	0.1208	0.1226	0.1354
102	17.39	1043.6666666666667		0.5644	0.4915	0.5308	0.5388	0.5488	0.5587	0.6711	0.4311	0.4268	0.3954	0.4021	0.5258	0.4569	0.5336	0.5039	0.5063	0.4932	0.532	0.5118	0.4154	0.4139	0.3674	0.34	0.4736	0.4852	0.4756	0.4705	0.5024	0.4861	0.4857	0.5137	0.435	0.4279	0.3743	0.2804	0.317	0.297	0.3821	0.4139	0.4621	0.4488	0.511	0.3527	0.4081	0.356	0.1909	0.1544	0.151	0.3251	0.4656	0.4652	0.4878	0.4865	0.4354	0.3934	0.252	0.4142	0.1846	0.1907	0.1651	0.2573	0.3724	0.3696	0.3611	0.4079	0.3721	0.2338	0.2501	0.2963	0.1574	0.133	0.1415	0.2465	0.3555	0.3404	0.2839	0.3186	0.3269	0.204	0.2222	0.2157	0.167	0.174	0.1361	0.1745	0.2548	0.2087	0.2801	0.2177	0.2128	0.1927	0.1586	0.1688	0.1218	0.1235	0.1364
103	17.57	1054.0		0.5649	0.4907	0.5319	0.5404	0.5491	0.559	0.6741	0.4298	0.4246	0.3945	0.4007	0.5237	0.4544	0.5331	0.5034	0.5058	0.4928	0.5323	0.5136	0.414	0.413	0.3661	0.3393	0.4731	0.4847	0.4766	0.4698	0.5008	0.4855	0.4853	0.5119	0.4337	0.4268	0.3735	0.2793	0.3165	0.2956	0.3811	0.4113	0.4611	0.4473	0.5104	0.351	0.4066	0.3542	0.1891	0.1529	0.1497	0.3235	0.4644	0.4634	0.4867	0.4857	0.4343	0.3908	0.2509	0.4127	0.1832	0.1889	0.1637	0.2557	0.371	0.3672	0.3591	0.4059	0.3705	0.2322	0.2483	0.2948	0.156	0.1315	0.1401	0.2453	0.3534	0.3386	0.2828	0.3174	0.3259	0.2027	0.2211	0.2144	0.1658	0.1727	0.1348	0.1732	0.2534	0.2075	0.2792	0.2166	0.2112	0.1908	0.1576	0.1679	0.1208	0.1224	0.1352
104	17.74	1064.3333333333333		0.569	0.49	0.531	0.5418	0.5502	0.5597	0.6739	0.4303	0.4255	0.395	0.4007	0.5271	0.4536	0.5336	0.5039	0.5079	0.4934	0.5338	0.5168	0.4139	0.4131	0.3667	0.3394	0.4746	0.4837	0.4774	0.4696	0.5011	0.486	0.4865	0.5118	0.4334	0.4274	0.3735	0.2797	0.3183	0.2955	0.381	0.413	0.4617	0.4482	0.5105	0.3503	0.407	0.3553	0.1892	0.1528	0.1493	0.3239	0.4644	0.4641	0.4869	0.4869	0.4339	0.3913	0.2509	0.4132	0.1831	0.1889	0.1634	0.2558	0.3708	0.368	0.3596	0.4063	0.371	0.2322	0.2488	0.295	0.156	0.1317	0.1401	0.2449	0.3541	0.3388	0.2827	0.3176	0.3253	0.2024	0.221	0.2147	0.1658	0.1724	0.1344	0.1732	0.2531	0.2087	0.2789	0.2171	0.212	0.1916	0.1577	0.1679	0.1209	0.1223	0.136
105	17.91	1074.6666666666667		0.5722	0.4915	0.5335	0.5441	0.5518	0.5609	0.6738	0.4314	0.4265	0.3955	0.4025	0.5255	0.454	0.5351	0.5063	0.5105	0.4956	0.5367	0.5264	0.4155	0.4145	0.3681	0.3413	0.4771	0.4854	0.4795	0.4713	0.5033	0.4871	0.4881	0.5129	0.4343	0.4287	0.375	0.2815	0.3207	0.2969	0.3826	0.4137	0.4636	0.4495	0.512	0.3524	0.4087	0.3562	0.1902	0.1541	0.1508	0.3251	0.4662	0.4661	0.4885	0.4884	0.4359	0.3922	0.2523	0.4144	0.1842	0.1903	0.1646	0.257	0.3724	0.3686	0.3605	0.4075	0.3724	0.2334	0.25	0.2962	0.1573	0.1328	0.1412	0.2462	0.3549	0.3395	0.2842	0.3185	0.3273	0.2034	0.2219	0.2154	0.1667	0.1739	0.1358	0.1741	0.2547	0.2105	0.28	0.2175	0.2121	0.1921	0.1586	0.1688	0.1218	0.1235	0.1372
106	18.08	1085.0		0.5738	0.4893	0.5328	0.5429	0.5503	0.5584	0.6719	0.4302	0.4251	0.3952	0.4013	0.5285	0.452	0.5341	0.5053	0.5111	0.495	0.5371	0.5282	0.414	0.413	0.3672	0.3404	0.4757	0.4843	0.4796	0.4699	0.502	0.487	0.4878	0.5118	0.4328	0.4278	0.3744	0.2808	0.3206	0.2957	0.3811	0.4132	0.4624	0.4486	0.5112	0.3507	0.4074	0.356	0.189	0.1528	0.1492	0.3236	0.4647	0.4643	0.4873	0.4874	0.435	0.3916	0.2511	0.4132	0.1829	0.1889	0.1631	0.2558	0.3711	0.3677	0.3593	0.4064	0.3712	0.2319	0.2489	0.2947	0.1559	0.1315	0.1399	0.2447	0.354	0.3393	0.2829	0.3176	0.3259	0.2022	0.2207	0.2144	0.1656	0.1725	0.1343	0.1728	0.2533	0.2113	0.2787	0.2168	0.2118	0.1913	0.1578	0.1679	0.1208	0.1226	0.1361
107	18.26	1095.3333333333333		0.576	0.4916	0.5339	0.543	0.5514	0.5585	0.6757	0.4306	0.4256	0.395	0.4015	0.5259	0.4502	0.5338	0.5071	0.5121	0.495	0.5386	0.5324	0.4143	0.4132	0.3673	0.3407	0.4764	0.4844	0.4792	0.4703	0.5021	0.4874	0.4881	0.5117	0.4333	0.4277	0.3747	0.2812	0.322	0.2956	0.3819	0.4121	0.4624	0.4487	0.5116	0.3511	0.4077	0.3552	0.1887	0.1528	0.1491	0.3236	0.4651	0.4641	0.4879	0.4878	0.4359	0.3902	0.2509	0.4135	0.183	0.1886	0.1629	0.2557	0.3711	0.3672	0.3595	0.4064	0.3711	0.2314	0.2482	0.2947	0.1557	0.1315	0.1396	0.245	0.3536	0.3389	0.2834	0.3176	0.326	0.2023	0.221	0.2143	0.1656	0.1724	0.1342	0.1727	0.2533	0.2117	0.2784	0.2165	0.2114	0.1906	0.1574	0.1677	0.1207	0.1224	0.136
108	18.43	1105.6666666666667		0.5821	0.4909	0.5353	0.5434	0.5514	0.5608	0.6785	0.4314	0.4272	0.3964	0.4029	0.5299	0.4509	0.5351	0.5071	0.5153	0.4978	0.5413	0.5317	0.4158	0.414	0.3692	0.3421	0.4786	0.4857	0.481	0.4717	0.503	0.4898	0.4904	0.5145	0.4346	0.4292	0.3764	0.2831	0.3249	0.2971	0.3826	0.4145	0.4634	0.45	0.5133	0.3524	0.4095	0.3579	0.1903	0.1541	0.1505	0.3247	0.4669	0.4665	0.489	0.4898	0.4366	0.3928	0.252	0.4152	0.1843	0.19	0.1642	0.2569	0.3727	0.3692	0.3609	0.408	0.373	0.233	0.25	0.2962	0.1573	0.1328	0.141	0.246	0.3553	0.3408	0.2844	0.319	0.3267	0.2029	0.2219	0.2157	0.1668	0.1735	0.1351	0.1738	0.2544	0.2138	0.2802	0.2181	0.2134	0.1921	0.1587	0.1688	0.1217	0.1236	0.1376
109	18.6	1116.0		0.587	0.4918	0.5357	0.5451	0.5542	0.5613	0.6807	0.4319	0.4273	0.3967	0.4034	0.5285	0.4513	0.5346	0.5091	0.5166	0.499	0.543	0.5316	0.4157	0.4142	0.3694	0.3428	0.4793	0.4851	0.482	0.4712	0.5028	0.4903	0.4903	0.5155	0.4351	0.4297	0.3766	0.2835	0.3253	0.2968	0.3829	0.4139	0.4641	0.4503	0.514	0.3528	0.4096	0.3569	0.19	0.1541	0.1504	0.3247	0.467	0.4666	0.4901	0.4902	0.4374	0.3916	0.252	0.4149	0.1842	0.1898	0.1639	0.2573	0.3726	0.3687	0.3605	0.4079	0.3729	0.2328	0.2498	0.2961	0.157	0.1328	0.1407	0.2461	0.3547	0.34	0.2842	0.3186	0.3271	0.2032	0.222	0.2154	0.1665	0.1735	0.1352	0.1737	0.2544	0.2135	0.2801	0.2176	0.2128	0.1918	0.1582	0.1686	0.1219	0.1236	0.1366
110	18.77	1126.3333333333333		0.5916	0.4892	0.534	0.5423	0.5526	0.5612	0.6809	0.4306	0.4261	0.3956	0.402	0.5303	0.4489	0.5338	0.5079	0.5169	0.4985	0.5434	0.5309	0.4144	0.4126	0.3682	0.3418	0.4783	0.4844	0.4806	0.4694	0.5018	0.4891	0.4897	0.5155	0.4333	0.4283	0.3753	0.2826	0.3252	0.2954	0.3812	0.4137	0.463	0.4493	0.5125	0.3512	0.4089	0.3569	0.1889	0.1528	0.1488	0.3236	0.4656	0.4647	0.4884	0.489	0.4361	0.3905	0.2507	0.4141	0.1826	0.1885	0.1626	0.256	0.3715	0.3678	0.3595	0.4071	0.3718	0.2318	0.2487	0.2947	0.1557	0.1315	0.1395	0.245	0.3539	0.3392	0.2829	0.3177	0.3257	0.2019	0.2206	0.2143	0.1655	0.1718	0.1336	0.1722	0.2536	0.2136	0.2791	0.2169	0.2119	0.1917	0.1571	0.1675	0.1209	0.1225	0.1356
111	18.94	1136.6666666666667		0.5982	0.4918	0.5358	0.5422	0.5558	0.5629	0.6776	0.4319	0.4273	0.397	0.4037	0.5284	0.4501	0.534	0.5099	0.5192	0.5005	0.5463	0.536	0.4159	0.4145	0.3693	0.3433	0.4805	0.4857	0.4839	0.4719	0.5027	0.4912	0.4909	0.5167	0.435	0.4297	0.3771	0.2842	0.3276	0.2966	0.383	0.4141	0.4643	0.4511	0.514	0.3522	0.4106	0.3575	0.1899	0.154	0.1501	0.3251	0.4673	0.4666	0.4907	0.4911	0.4377	0.3913	0.2519	0.4155	0.1839	0.1899	0.1638	0.2573	0.3726	0.3686	0.3606	0.4076	0.3728	0.2324	0.2493	0.2959	0.1568	0.1326	0.1405	0.2463	0.355	0.3402	0.2844	0.3188	0.327	0.2028	0.2218	0.2152	0.1665	0.1735	0.1347	0.1736	0.2546	0.2154	0.2801	0.2183	0.214	0.1919	0.1582	0.1686	0.1218	0.1237	0.1373
112	19.12	1147.0		0.6023	0.4902	0.5373	0.543	0.5551	0.562	0.6809	0.4321	0.4277	0.3976	0.4037	0.5309	0.4497	0.535	0.5104	0.5203	0.502	0.5474	0.5353	0.4152	0.4142	0.3699	0.3439	0.4809	0.4859	0.4839	0.4719	0.5025	0.4916	0.4917	0.5169	0.4343	0.4298	0.3776	0.2847	0.3288	0.2966	0.3826	0.4152	0.4646	0.4509	0.5151	0.3523	0.4109	0.3587	0.1901	0.154	0.15	0.3252	0.4676	0.4665	0.4904	0.4909	0.4378	0.3919	0.2517	0.416	0.1839	0.1898	0.1639	0.2576	0.3724	0.3685	0.3609	0.4082	0.373	0.2331	0.2499	0.2961	0.1569	0.1328	0.1405	0.2464	0.3552	0.341	0.2841	0.3191	0.3265	0.2028	0.2218	0.2154	0.1667	0.1734	0.1348	0.1733	0.2547	0.2157	0.2807	0.2179	0.2136	0.1922	0.1583	0.1686	0.1219	0.1235	0.1391
113	19.29	1157.3333333333333		0.6058	0.4915	0.5386	0.5453	0.5565	0.5629	0.6798	0.432	0.4276	0.397	0.404	0.5307	0.4496	0.5339	0.5123	0.522	0.5025	0.5484	0.5382	0.4153	0.4147	0.3704	0.3444	0.4815	0.4863	0.4849	0.4724	0.503	0.4922	0.4923	0.5176	0.4341	0.4299	0.3783	0.2849	0.3297	0.2965	0.3832	0.4143	0.4646	0.4508	0.5155	0.3524	0.4109	0.3581	0.19	0.1539	0.1498	0.3252	0.4674	0.4673	0.4911	0.4915	0.4384	0.3916	0.2517	0.4159	0.184	0.1897	0.1638	0.2575	0.3726	0.3685	0.3609	0.4081	0.3733	0.2325	0.2495	0.2962	0.1568	0.1329	0.1402	0.2468	0.3546	0.3402	0.2846	0.3189	0.327	0.2025	0.2218	0.215	0.1664	0.1733	0.1345	0.1733	0.2549	0.2146	0.2799	0.2181	0.213	0.1918	0.1582	0.1686	0.1218	0.1235	0.1377
114	19.46	1167.6666666666667		0.6084	0.4892	0.5385	0.5432	0.5575	0.561	0.6845	0.4319	0.4281	0.3979	0.4039	0.5323	0.4486	0.534	0.5123	0.5234	0.5031	0.549	0.5395	0.4152	0.4143	0.3703	0.3447	0.4829	0.4864	0.4853	0.4726	0.5029	0.4937	0.4924	0.5174	0.4343	0.4299	0.3783	0.2855	0.3312	0.2964	0.3829	0.4153	0.465	0.4516	0.5158	0.3527	0.4113	0.3595	0.1902	0.154	0.1496	0.3254	0.4671	0.4668	0.4908	0.4916	0.4388	0.392	0.2518	0.4165	0.1838	0.1897	0.1636	0.2574	0.3726	0.3688	0.3609	0.4087	0.3735	0.2326	0.2497	0.296	0.1569	0.1326	0.1403	0.2467	0.3554	0.3408	0.2839	0.3187	0.3267	0.2023	0.2217	0.215	0.1664	0.1729	0.1343	0.1733	0.2549	0.2147	0.2804	0.2179	0.2142	0.1918	0.1584	0.1683	0.1218	0.1236	0.1382
115	19.63	1178.0		0.6117	0.4911	0.5381	0.5425	0.5567	0.5627	0.6849	0.4321	0.4278	0.3976	0.4043	0.5319	0.4469	0.5326	0.5129	0.5247	0.504	0.5507	0.5427	0.4153	0.415	0.3707	0.3453	0.4836	0.4874	0.4851	0.4726	0.5034	0.4942	0.4924	0.5171	0.4344	0.4301	0.3787	0.2861	0.3323	0.2961	0.3831	0.4148	0.4651	0.4513	0.5163	0.3521	0.4113	0.3587	0.1897	0.1539	0.1496	0.3253	0.4674	0.4673	0.491	0.4917	0.439	0.3908	0.2518	0.4166	0.1837	0.1896	0.1635	0.2577	0.3729	0.3682	0.361	0.4085	0.3737	0.2328	0.2494	0.2962	0.1568	0.1328	0.1402	0.2462	0.3545	0.3404	0.2842	0.3185	0.3269	0.2021	0.2216	0.215	0.1663	0.1732	0.1344	0.1732	0.2551	0.2128	0.2804	0.2182	0.2138	0.1909	0.1581	0.1684	0.1219	0.1234	0.1385
116	19.81	1188.3333333333333		0.6137	0.4902	0.5388	0.5438	0.5563	0.561	0.6921	0.432	0.4278	0.3977	0.4045	0.5339	0.4471	0.5331	0.5132	0.526	0.5057	0.5517	0.5417	0.4156	0.4147	0.3712	0.3454	0.4837	0.4876	0.4864	0.4725	0.5035	0.495	0.4927	0.5216	0.4344	0.43	0.3794	0.2868	0.3334	0.296	0.3828	0.4157	0.4658	0.4521	0.5166	0.352	0.4118	0.3604	0.1899	0.1538	0.1496	0.3255	0.4678	0.4671	0.4919	0.4922	0.4389	0.3921	0.2518	0.4169	0.1837	0.1897	0.1636	0.2577	0.3728	0.3687	0.3609	0.4088	0.3733	0.233	0.2496	0.2961	0.1568	0.1324	0.1399	0.2464	0.3548	0.3407	0.284	0.319	0.3267	0.2021	0.2219	0.2153	0.1665	0.1729	0.1344	0.173	0.2548	0.2137	0.2805	0.2185	0.2139	0.1911	0.1585	0.1682	0.1219	0.1237	0.1385
117	19.98	1198.6666666666667		0.6157	0.4886	0.5388	0.545	0.557	0.5594	0.6909	0.431	0.4269	0.3968	0.4031	0.532	0.4449	0.5313	0.5137	0.5257	0.5042	0.5514	0.5409	0.4145	0.4139	0.3702	0.3448	0.4835	0.4864	0.4852	0.4708	0.5017	0.4942	0.4912	0.5221	0.433	0.4287	0.3782	0.2857	0.3328	0.2949	0.3818	0.4136	0.465	0.451	0.5155	0.3514	0.4109	0.3586	0.1884	0.1525	0.1481	0.3242	0.4666	0.4655	0.4909	0.4918	0.4378	0.3895	0.2504	0.4155	0.1823	0.1881	0.162	0.2566	0.3715	0.3664	0.3595	0.4072	0.3722	0.2312	0.2481	0.2946	0.1555	0.1313	0.1386	0.2452	0.3533	0.3391	0.2832	0.3172	0.3256	0.2011	0.2207	0.2137	0.1651	0.172	0.1328	0.1717	0.2541	0.2111	0.2799	0.2173	0.2134	0.1894	0.1571	0.1672	0.1207	0.1224	0.1361
118	20.15	1209.0		0.6184	0.4888	0.5397	0.5467	0.5581	0.5615	0.6953	0.433	0.4289	0.3984	0.4043	0.5342	0.4451	0.5325	0.5138	0.528	0.507	0.5525	0.5394	0.4156	0.4151	0.3721	0.346	0.4854	0.488	0.488	0.4718	0.5036	0.4955	0.4931	0.5234	0.4347	0.4303	0.38	0.2878	0.3361	0.296	0.3831	0.4163	0.466	0.452	0.5165	0.3529	0.4127	0.3612	0.1899	0.1538	0.1493	0.3255	0.468	0.4675	0.4926	0.4931	0.4391	0.3921	0.2517	0.4174	0.1837	0.1895	0.1633	0.2577	0.3728	0.3682	0.3609	0.4092	0.3738	0.2328	0.2495	0.2961	0.1568	0.1326	0.14	0.2463	0.3549	0.3408	0.2839	0.319	0.3266	0.2022	0.2219	0.2152	0.1663	0.1728	0.134	0.1727	0.2549	0.2128	0.2814	0.2182	0.2141	0.191	0.1582	0.1681	0.1218	0.1234	0.1389
119	20.32	1219.3333333333333		0.6186	0.4881	0.5408	0.5467	0.5587	0.5617	0.698	0.4314	0.4268	0.3973	0.4034	0.5321	0.443	0.5302	0.5143	0.5273	0.506	0.5522	0.5404	0.4142	0.414	0.371	0.3449	0.4848	0.4864	0.487	0.4713	0.5024	0.4955	0.4916	0.5206	0.4334	0.4293	0.3788	0.2865	0.3351	0.2949	0.3817	0.4139	0.4649	0.4512	0.5165	0.3509	0.4112	0.3592	0.1881	0.1524	0.148	0.3242	0.4673	0.4663	0.4915	0.492	0.4379	0.3894	0.2503	0.4159	0.1821	0.188	0.1616	0.2567	0.3715	0.3661	0.3591	0.4076	0.3724	0.2312	0.2479	0.2948	0.1552	0.1311	0.1385	0.2451	0.3533	0.3391	0.2833	0.3176	0.3258	0.2011	0.2207	0.2135	0.1649	0.1718	0.1325	0.1718	0.2545	0.2111	0.2801	0.2172	0.2129	0.1894	0.1569	0.1671	0.1209	0.1225	0.1368
120	20.49	1229.6666666666667		0.6215	0.4868	0.5406	0.5464	0.5587	0.5632	0.696	0.4329	0.4284	0.3983	0.4047	0.535	0.4438	0.5323	0.5144	0.5301	0.5086	0.5535	0.543	0.4156	0.4151	0.3723	0.3464	0.4861	0.4882	0.4893	0.4725	0.504	0.4974	0.4933	0.521	0.4349	0.4308	0.3808	0.2886	0.3381	0.2964	0.3831	0.4164	0.466	0.4535	0.518	0.3522	0.413	0.3619	0.1898	0.1538	0.1491	0.3257	0.4688	0.4674	0.4928	0.4936	0.4391	0.3919	0.2518	0.4179	0.1835	0.1895	0.1631	0.2576	0.3727	0.3682	0.3609	0.409	0.3741	0.2328	0.2497	0.2962	0.1568	0.1325	0.1396	0.2466	0.3549	0.3407	0.2839	0.3191	0.3269	0.2021	0.222	0.2152	0.1664	0.1728	0.134	0.1726	0.2553	0.2138	0.2817	0.2187	0.2145	0.1902	0.1582	0.168	0.1218	0.1233	0.1381
121	20.67	1240.0		0.6247	0.488	0.5418	0.5461	0.5587	0.5639	0.7029	0.4328	0.4285	0.3981	0.4054	0.5362	0.4435	0.5317	0.5166	0.5309	0.5098	0.5534	0.5449	0.4161	0.4158	0.3728	0.3471	0.4861	0.4875	0.4901	0.4723	0.5044	0.4984	0.4936	0.5214	0.4352	0.4311	0.3814	0.2888	0.3387	0.2965	0.3838	0.4154	0.4661	0.4534	0.518	0.3525	0.413	0.3613	0.1896	0.1537	0.1491	0.3254	0.4689	0.4676	0.4935	0.4936	0.4393	0.3907	0.2518	0.418	0.1835	0.1895	0.163	0.2579	0.3725	0.3678	0.3607	0.4088	0.374	0.2325	0.2494	0.2963	0.1567	0.1326	0.1397	0.2463	0.3542	0.3401	0.2843	0.3189	0.3268	0.202	0.2219	0.2149	0.1661	0.1727	0.1337	0.1725	0.2557	0.2147	0.2818	0.2186	0.214	0.1891	0.1582	0.1682	0.1218	0.1235	0.1369
122	20.84	1250.3333333333333		0.6244	0.4837	0.5415	0.5464	0.5561	0.5642	0.6935	0.4319	0.428	0.3976	0.404	0.5339	0.4412	0.5298	0.5142	0.5313	0.5087	0.5526	0.5439	0.4149	0.4141	0.372	0.3459	0.4857	0.4863	0.4897	0.4713	0.503	0.4971	0.4925	0.5188	0.4339	0.4293	0.3802	0.2882	0.3388	0.2949	0.382	0.415	0.4653	0.4525	0.5172	0.3505	0.4123	0.3612	0.1883	0.1523	0.1476	0.3238	0.4676	0.4666	0.4921	0.493	0.4378	0.3905	0.2504	0.4169	0.1821	0.1881	0.1615	0.2565	0.3711	0.3667	0.3594	0.4083	0.3729	0.2314	0.2484	0.295	0.1554	0.1313	0.1383	0.2453	0.3535	0.3394	0.2831	0.3178	0.3254	0.2007	0.2207	0.2139	0.165	0.1715	0.1324	0.1714	0.2545	0.2148	0.2812	0.2177	0.2131	0.1891	0.1571	0.1671	0.1209	0.1222	0.1373
123	21.01	1260.6666666666667		0.6276	0.4867	0.544	0.5477	0.5558	0.5665	0.6985	0.4331	0.4288	0.3989	0.406	0.5358	0.4421	0.5298	0.5163	0.5336	0.5105	0.5531	0.5497	0.4162	0.4159	0.3734	0.348	0.4871	0.4882	0.4923	0.4727	0.505	0.4993	0.4934	0.5217	0.4354	0.4311	0.3818	0.2901	0.3408	0.2965	0.3835	0.4158	0.4665	0.4537	0.5191	0.3521	0.4137	0.3621	0.1894	0.1538	0.1489	0.3254	0.4693	0.4683	0.494	0.495	0.4394	0.3909	0.2518	0.4182	0.1834	0.1892	0.1625	0.2581	0.3725	0.3671	0.3607	0.4093	0.3741	0.2326	0.2496	0.2963	0.1565	0.1326	0.1393	0.2463	0.3544	0.3405	0.2846	0.3188	0.3271	0.2022	0.2221	0.2149	0.166	0.1729	0.1335	0.1726	0.2558	0.2146	0.2822	0.2189	0.2148	0.1897	0.1581	0.1679	0.1217	0.1235	0.1372
124	21.18	1271.0		0.635	0.4845	0.5439	0.5459	0.557	0.5635	0.699	0.4333	0.4291	0.3992	0.4059	0.5362	0.4415	0.5305	0.5149	0.5353	0.5118	0.5539	0.5518	0.4163	0.4157	0.3739	0.3483	0.487	0.488	0.4923	0.4721	0.5057	0.4999	0.4925	0.5237	0.4351	0.4309	0.3818	0.2909	0.3423	0.2966	0.3835	0.4161	0.4671	0.4544	0.5195	0.352	0.414	0.3632	0.1895	0.1537	0.1491	0.3252	0.4694	0.4676	0.4945	0.4952	0.4396	0.3913	0.2516	0.4185	0.1833	0.1893	0.1626	0.2581	0.3722	0.3683	0.361	0.4099	0.3742	0.2327	0.2498	0.2962	0.1565	0.1325	0.1396	0.2465	0.3547	0.3406	0.2838	0.3191	0.3266	0.2018	0.222	0.2152	0.1661	0.1726	0.1333	0.1722	0.2558	0.2149	0.2831	0.2189	0.2143	0.1897	0.1582	0.1681	0.1219	0.1233	0.1372
125	21.36	1281.3333333333333		0.634	0.4875	0.5452	0.5498	0.5564	0.5666	0.6998	0.4331	0.4288	0.3993	0.4059	0.5334	0.4409	0.5299	0.5155	0.5359	0.5125	0.554	0.5565	0.4162	0.4161	0.3742	0.3481	0.4873	0.4875	0.4927	0.4733	0.5058	0.5005	0.4918	0.5263	0.4354	0.4309	0.3821	0.2908	0.343	0.2965	0.3837	0.4153	0.467	0.4543	0.5194	0.3517	0.4142	0.3623	0.1894	0.1537	0.149	0.3252	0.4693	0.4679	0.4951	0.4958	0.4399	0.3902	0.2514	0.4188	0.1834	0.1891	0.1623	0.2582	0.3724	0.3677	0.3606	0.4098	0.3743	0.2324	0.2493	0.2963	0.1564	0.1324	0.1393	0.2466	0.3544	0.3403	0.2842	0.319	0.3269	0.2022	0.2221	0.215	0.166	0.1728	0.1336	0.1723	0.2563	0.216	0.2827	0.219	0.2144	0.1899	0.1581	0.1678	0.1217	0.1235	0.1368
126	21.53	1291.6666666666667		0.6389	0.4835	0.5427	0.5485	0.5534	0.5681	0.7014	0.4324	0.4285	0.3988	0.405	0.5329	0.4396	0.5286	0.5131	0.5367	0.5128	0.5524	0.5498	0.4152	0.4146	0.3733	0.3472	0.4868	0.4872	0.4925	0.4716	0.5045	0.4999	0.4902	0.5263	0.4333	0.4296	0.3812	0.2904	0.3431	0.2952	0.382	0.4146	0.4655	0.4532	0.5179	0.3503	0.4133	0.3618	0.1881	0.1523	0.1474	0.3238	0.4683	0.4672	0.4934	0.4946	0.4385	0.3897	0.2501	0.4178	0.1819	0.1878	0.1611	0.257	0.3711	0.3668	0.3594	0.4087	0.3731	0.2314	0.2484	0.2949	0.155	0.1311	0.1379	0.2455	0.3535	0.3395	0.2828	0.3179	0.3253	0.2007	0.2208	0.2137	0.1648	0.1713	0.1321	0.1712	0.255	0.2157	0.282	0.2175	0.2133	0.1896	0.1569	0.167	0.1206	0.1223	0.1368
127	21.7	1302.0		0.6406	0.4863	0.5458	0.5517	0.5558	0.5699	0.6996	0.4333	0.4293	0.3995	0.4065	0.5365	0.44	0.5296	0.5144	0.5383	0.5149	0.5539	0.5535	0.4168	0.4159	0.3749	0.3491	0.4896	0.4878	0.4941	0.4727	0.5066	0.5028	0.4924	0.5307	0.435	0.431	0.383	0.2917	0.3451	0.2964	0.3838	0.4148	0.4672	0.4547	0.5199	0.3518	0.4149	0.3622	0.1891	0.1536	0.1486	0.3252	0.4701	0.4683	0.4959	0.4968	0.4401	0.3894	0.2514	0.4193	0.1832	0.1891	0.1622	0.2583	0.3722	0.3673	0.3607	0.4098	0.3741	0.2322	0.2493	0.2964	0.1562	0.1323	0.1391	0.2466	0.3545	0.3397	0.2844	0.3188	0.3268	0.2021	0.2222	0.2146	0.166	0.1728	0.1332	0.1717	0.2565	0.2167	0.2825	0.2186	0.2148	0.189	0.1577	0.1679	0.1217	0.1235	0.1381
128	21.87	1312.3333333333333		0.6458	0.483	0.5443	0.5503	0.5564	0.5708	0.7004	0.4334	0.43	0.3999	0.4074	0.5346	0.4384	0.53	0.5122	0.539	0.5155	0.5533	0.5546	0.4166	0.416	0.3754	0.3497	0.4911	0.4876	0.4949	0.4729	0.5063	0.5033	0.4914	0.5337	0.435	0.4309	0.3834	0.2925	0.3461	0.2962	0.3841	0.4167	0.4673	0.455	0.5196	0.3517	0.4153	0.3632	0.1896	0.1536	0.1487	0.3251	0.4699	0.4681	0.4954	0.4968	0.4402	0.3906	0.2516	0.4195	0.1833	0.1892	0.1622	0.2583	0.3723	0.3677	0.3607	0.4104	0.3745	0.2327	0.2496	0.2965	0.1564	0.1323	0.139	0.2465	0.3546	0.3402	0.2839	0.319	0.3265	0.2018	0.2222	0.2146	0.1659	0.1724	0.133	0.1718	0.2564	0.2175	0.2836	0.2188	0.2146	0.1902	0.1579	0.1677	0.1219	0.1235	0.1384
129	22.04	1322.6666666666667		0.6471	0.483	0.5442	0.5489	0.5538	0.569	0.7016	0.4319	0.4283	0.3989	0.4063	0.5385	0.4373	0.5281	0.5119	0.5382	0.5144	0.5507	0.5624	0.4153	0.4152	0.3742	0.3491	0.4899	0.4868	0.4944	0.4724	0.5047	0.5031	0.4898	0.5364	0.4342	0.4298	0.3824	0.2915	0.3457	0.2947	0.3828	0.4143	0.4661	0.4539	0.5191	0.3504	0.414	0.3611	0.1878	0.1522	0.1472	0.3238	0.4689	0.4669	0.4943	0.4958	0.4393	0.3885	0.2503	0.4182	0.1818	0.1877	0.1606	0.2569	0.3712	0.366	0.3595	0.4082	0.3732	0.2311	0.248	0.2952	0.1549	0.1311	0.1376	0.2454	0.353	0.3384	0.2831	0.3179	0.3255	0.2009	0.2209	0.2132	0.1648	0.1714	0.1319	0.1704	0.2554	0.2162	0.2821	0.2173	0.2136	0.1886	0.1564	0.1666	0.1206	0.1222	0.1374
