Reading	Hours	Minutes	Temperature	A1	A2	A3	A4	A5	A6	A7	A8	A9	A10	A11	A12	B1	B2	B3	B4	B5	B6	B7	B8	B9	B10	B11	B12	C1	C2	C3	C4	C5	C6	C7	C8	C9	C10	C11	C12	D1	D2	D3	D4	D5	D6	D7	D8	D9	D10	D11	D12	E1	E2	E3	E4	E5	E6	E7	E8	E9	E10	E11	E12	F1	F2	F3	F4	F5	F6	F7	F8	F9	F10	F11	F12	G1	G2	G3	G4	G5	G6	G7	G8	G9	G10	G11	G12	H1	H2	H3	H4	H5	H6	H7	H8	H9	H10	H11	H12
1	0	0		0.1509	0.1494	0.1509	0.0831	0.1774	0.1695	0.1375	0.0872	0.1583	0.1567	0.156	0.1569	0.1438	0.1479	0.1503	0.0829	0.1749	0.1719	0.1333	0.0807	0.1483	0.1533	0.1558	0.1635	0.1451	0.1475	0.1451	0.0814	0.1769	0.1716	0.1308	0.0844	0.1526	0.1523	0.1535	0.1525	0.1544	0.1525	0.1491	0.083	0.157	0.1695	0.1348	0.0832	0.1526	0.1571	0.1561	0.1594	0.1502	0.1542	0.1506	0.0831	0.1649	0.1709	0.1383	0.0817	0.1568	0.1546	0.1693	0.1606	0.1487	0.1505	0.1561	0.0824	0.163	0.1672	0.1355	0.0867	0.1546	0.1549	0.172	0.1554	0.1484	0.1499	0.1535	0.0808	0.1777	0.1717	0.1338	0.08	0.1565	0.1606	0.1731	0.1756	0.146	0.1522	0.1547	0.083	0.1643	0.1722	0.1369	0.0829	0.1549	0.1599	0.1608	0.1558
2	0.17	10.33333333		0.1572	0.1546	0.1574	0.084	0.1737	0.1693	0.1412	0.0884	0.1642	0.1618	0.1602	0.1655	0.1511	0.1536	0.1527	0.0835	0.164	0.1673	0.1382	0.0814	0.1536	0.1607	0.162	0.1665	0.152	0.153	0.154	0.0825	0.1693	0.1694	0.134	0.085	0.1577	0.1577	0.1587	0.1608	0.1603	0.1596	0.1567	0.0841	0.1556	0.1693	0.1421	0.084	0.1603	0.165	0.1625	0.1669	0.1569	0.1614	0.156	0.0845	0.1637	0.17	0.146	0.0829	0.1648	0.1621	0.1755	0.1717	0.1544	0.1561	0.1624	0.0833	0.1614	0.1671	0.1415	0.0874	0.1608	0.1617	0.1779	0.1643	0.1535	0.156	0.1584	0.0816	0.1759	0.1703	0.1403	0.0808	0.1625	0.1667	0.1784	0.18	0.1515	0.1584	0.1613	0.084	0.1642	0.1707	0.1432	0.0838	0.1617	0.1661	0.1646	0.1636
3	0.34	20.66666667		0.1694	0.1659	0.1684	0.084	0.1742	0.1705	0.1488	0.0891	0.1759	0.1742	0.1719	0.1782	0.1633	0.1636	0.1648	0.0835	0.1631	0.1697	0.1474	0.0817	0.1662	0.1715	0.1735	0.1774	0.1637	0.1654	0.1677	0.0825	0.1686	0.1738	0.1442	0.0853	0.1713	0.1701	0.1679	0.1721	0.171	0.1704	0.1678	0.084	0.156	0.172	0.1516	0.0843	0.1723	0.1758	0.1742	0.1781	0.1669	0.1733	0.1674	0.0844	0.1656	0.1714	0.1523	0.0833	0.176	0.1729	0.1876	0.1825	0.1636	0.1656	0.1719	0.0831	0.1626	0.1693	0.1487	0.0872	0.1711	0.1723	0.188	0.1752	0.164	0.166	0.168	0.0814	0.1769	0.1721	0.147	0.0814	0.1725	0.1771	0.1878	0.1907	0.1603	0.1687	0.172	0.0843	0.1646	0.1734	0.1525	0.0843	0.1724	0.1765	0.1744	0.1757
4	0.52	31		0.1797	0.1768	0.179	0.0838	0.1833	0.1795	0.1607	0.0891	0.1867	0.1884	0.183	0.1944	0.1726	0.1741	0.1758	0.0833	0.1733	0.1802	0.1565	0.0814	0.1764	0.1836	0.1825	0.1969	0.175	0.1764	0.1789	0.0826	0.1787	0.1861	0.1549	0.0854	0.1799	0.1821	0.1789	0.1904	0.184	0.1844	0.1803	0.0841	0.1643	0.1835	0.1613	0.084	0.1837	0.1902	0.1841	0.1998	0.1779	0.1854	0.176	0.0844	0.1706	0.1793	0.1561	0.0827	0.1852	0.1818	0.1974	0.1956	0.1703	0.1708	0.18	0.0833	0.1665	0.1727	0.152	0.0869	0.1772	0.1765	0.1965	0.1877	0.1691	0.1724	0.1755	0.0816	0.1793	0.1777	0.151	0.0809	0.1782	0.1826	0.1924	0.2029	0.1666	0.1742	0.1797	0.0843	0.1695	0.1771	0.1588	0.084	0.1783	0.1848	0.1807	0.189
5	0.69	41.33333333		0.1968	0.194	0.197	0.084	0.2006	0.1977	0.1711	0.0897	0.203	0.2051	0.1974	0.2204	0.1935	0.1927	0.1939	0.0833	0.1913	0.1982	0.1687	0.0815	0.194	0.2022	0.1978	0.224	0.1936	0.195	0.1984	0.0824	0.1976	0.2067	0.1647	0.0859	0.1977	0.2003	0.1923	0.2155	0.2033	0.2047	0.1981	0.084	0.18	0.2022	0.1747	0.0839	0.2022	0.2116	0.2004	0.2298	0.188	0.1973	0.1872	0.0843	0.1774	0.1893	0.1618	0.0828	0.1964	0.1925	0.21	0.2079	0.1769	0.1754	0.1887	0.0831	0.1718	0.1756	0.1569	0.0868	0.1842	0.1814	0.2053	0.2006	0.1738	0.1771	0.1806	0.0814	0.1826	0.184	0.1523	0.0809	0.1841	0.1871	0.1949	0.2131	0.1678	0.1771	0.1855	0.0842	0.1757	0.1815	0.1654	0.0842	0.1831	0.1923	0.1844	0.1999
6	0.86	51.66666667		0.2185	0.2148	0.2152	0.083	0.2278	0.2259	0.1859	0.0882	0.2233	0.2279	0.2156	0.2473	0.215	0.2146	0.2159	0.0822	0.2155	0.2274	0.1833	0.0804	0.2149	0.2251	0.2166	0.2522	0.2153	0.2163	0.2229	0.0813	0.2259	0.2367	0.181	0.0844	0.2195	0.2246	0.2096	0.2436	0.2238	0.2281	0.2201	0.0829	0.2017	0.2323	0.193	0.0826	0.2235	0.2374	0.2208	0.2652	0.1967	0.2094	0.1984	0.0829	0.1849	0.1999	0.1673	0.0816	0.2076	0.2034	0.2214	0.2199	0.1827	0.177	0.1969	0.082	0.1757	0.1772	0.1607	0.0855	0.1897	0.1848	0.2131	0.2125	0.1766	0.1795	0.1838	0.0804	0.1823	0.1896	0.1509	0.0797	0.1884	0.1892	0.1952	0.2187	0.1685	0.1785	0.1906	0.0832	0.1821	0.184	0.1711	0.0832	0.1863	0.1981	0.1855	0.2068
7	1.03	62		0.2417	0.244	0.2387	0.0829	0.2669	0.263	0.2052	0.0886	0.2522	0.256	0.2395	0.2808	0.2423	0.2424	0.2413	0.0822	0.2494	0.271	0.2035	0.0803	0.2426	0.2545	0.2421	0.2881	0.2439	0.2427	0.2538	0.0811	0.2667	0.2793	0.2022	0.0847	0.2473	0.2525	0.2329	0.279	0.2507	0.2595	0.249	0.0827	0.2363	0.2725	0.2167	0.0827	0.2535	0.2706	0.2515	0.3105	0.1947	0.2241	0.2118	0.0829	0.1993	0.2186	0.1765	0.0814	0.2224	0.2178	0.2354	0.2315	0.1915	0.1786	0.2071	0.0817	0.1797	0.179	0.1665	0.0856	0.1975	0.1885	0.2245	0.2276	0.1792	0.1816	0.1872	0.0802	0.1832	0.1947	0.1508	0.0797	0.1948	0.1914	0.1976	0.225	0.1699	0.1807	0.1954	0.0831	0.1878	0.1841	0.1777	0.0829	0.1897	0.2051	0.1862	0.2145
8	1.21	72.33333333		0.2768	0.2801	0.274	0.0841	0.3262	0.308	0.2308	0.0892	0.2883	0.2914	0.2688	0.3218	0.2768	0.2781	0.2813	0.0834	0.3013	0.3242	0.2306	0.0813	0.279	0.2902	0.2719	0.3299	0.2791	0.2794	0.2934	0.0825	0.3182	0.3259	0.2286	0.0861	0.2835	0.2954	0.2592	0.3212	0.2881	0.296	0.2865	0.0842	0.2832	0.3245	0.2455	0.0838	0.2878	0.3105	0.2867	0.3619	0.2137	0.2426	0.2285	0.0844	0.2003	0.2474	0.187	0.0828	0.242	0.2354	0.2535	0.2428	0.2014	0.1826	0.2197	0.0831	0.1849	0.1798	0.1744	0.0869	0.2065	0.1959	0.2382	0.2446	0.1859	0.1855	0.1922	0.0817	0.1832	0.1984	0.1524	0.081	0.2015	0.1937	0.2004	0.2321	0.1731	0.1854	0.2016	0.0844	0.1896	0.1851	0.1852	0.0839	0.1943	0.2143	0.1851	0.2204
9	1.38	82.66666667		0.3149	0.3204	0.3119	0.0842	0.3969	0.3731	0.266	0.09	0.3262	0.3356	0.3034	0.3685	0.3194	0.3199	0.3281	0.0833	0.3467	0.3831	0.2644	0.0814	0.3217	0.3247	0.3054	0.3791	0.3191	0.3196	0.33	0.0825	0.3852	0.3901	0.2552	0.0862	0.3273	0.3364	0.2918	0.3692	0.33	0.3392	0.3283	0.0841	0.3359	0.3876	0.2771	0.084	0.3288	0.3554	0.3279	0.4121	0.2487	0.2596	0.2411	0.0842	0.2085	0.2392	0.1969	0.0828	0.2632	0.251	0.2698	0.2328	0.2086	0.1842	0.2301	0.083	0.1881	0.1794	0.1811	0.0868	0.2127	0.1985	0.2498	0.2566	0.1972	0.1882	0.1965	0.0814	0.1835	0.198	0.1518	0.081	0.2083	0.1951	0.2012	0.2407	0.172	0.1851	0.2025	0.0841	0.1884	0.1811	0.1937	0.0842	0.1973	0.2209	0.1837	0.2173
10	1.55	93		0.363	0.3627	0.3561	0.0844	0.4741	0.4344	0.2966	0.0897	0.3774	0.3875	0.3435	0.4177	0.3659	0.3675	0.3755	0.0835	0.4145	0.438	0.2947	0.0813	0.3604	0.38	0.3429	0.4278	0.3647	0.3772	0.3853	0.0826	0.4425	0.449	0.2919	0.0862	0.3693	0.3839	0.327	0.4195	0.3505	0.381	0.3733	0.0842	0.3972	0.4629	0.3155	0.0838	0.3762	0.4081	0.3735	0.4758	0.2715	0.2951	0.2531	0.0843	0.231	0.2337	0.2113	0.0828	0.2833	0.259	0.2929	0.2561	0.2017	0.1918	0.2365	0.0833	0.1926	0.1779	0.1853	0.0867	0.2246	0.2033	0.2599	0.2406	0.2126	0.1912	0.1998	0.0818	0.1825	0.1982	0.1504	0.0807	0.2193	0.1953	0.2007	0.2552	0.1699	0.1968	0.2374	0.0842	0.1918	0.1779	0.2135	0.0838	0.2231	0.219	0.1821	0.2344
11	1.72	103.3333333		0.4039	0.407	0.4025	0.0829	0.5165	0.4903	0.3398	0.0888	0.4271	0.4301	0.3889	0.4663	0.4144	0.4104	0.4223	0.0823	0.466	0.4898	0.3327	0.0802	0.413	0.4238	0.3842	0.4785	0.4123	0.4263	0.4375	0.0811	0.4932	0.5109	0.3236	0.0849	0.4226	0.4258	0.3693	0.4723	0.439	0.4277	0.4235	0.0827	0.4529	0.5357	0.3557	0.0826	0.4239	0.464	0.4333	0.5326	0.2969	0.2533	0.2563	0.0829	0.228	0.2621	0.2235	0.0814	0.3218	0.2637	0.3091	0.2954	0.2466	0.2026	0.2376	0.0817	0.2005	0.1745	0.1958	0.0856	0.2364	0.2083	0.2776	0.2511	0.2159	0.1943	0.2033	0.0802	0.1805	0.1968	0.1474	0.0798	0.2254	0.1938	0.1977	0.2741	0.1682	0.1876	0.2559	0.0829	0.1903	0.1784	0.2241	0.0829	0.2126	0.2673	0.1764	0.2683
12	1.89	113.6666667		0.4564	0.4512	0.4624	0.0843	0.5588	0.5517	0.3874	0.0898	0.4759	0.4855	0.4293	0.5154	0.4619	0.4633	0.4825	0.0835	0.5148	0.5284	0.3735	0.0813	0.4592	0.4736	0.4268	0.5239	0.4574	0.4726	0.4813	0.0825	0.5334	0.5465	0.3746	0.0862	0.4654	0.4722	0.4251	0.5222	0.4587	0.4693	0.4808	0.0841	0.5067	0.5874	0.4116	0.0838	0.47	0.518	0.4371	0.5528	0.3314	0.2837	0.2389	0.0842	0.2176	0.3001	0.2407	0.0826	0.3348	0.2515	0.3646	0.3388	0.2731	0.2162	0.2767	0.0831	0.1954	0.1743	0.2017	0.0867	0.2502	0.2168	0.2812	0.3084	0.2164	0.2006	0.2101	0.0817	0.1811	0.1977	0.1476	0.0807	0.2466	0.1969	0.1989	0.3036	0.1694	0.1929	0.2448	0.0842	0.2241	0.1733	0.2389	0.0839	0.2069	0.2466	0.1861	0.2789
13	2.07	124		0.4854	0.4943	0.5021	0.0843	0.5977	0.6004	0.4265	0.0897	0.5217	0.5363	0.4752	0.5481	0.5017	0.4963	0.5197	0.0836	0.56	0.5821	0.4137	0.0815	0.4993	0.5226	0.4729	0.5643	0.4903	0.5198	0.5232	0.0825	0.5898	0.5985	0.4264	0.0861	0.505	0.5253	0.4633	0.5598	0.5055	0.4909	0.5304	0.0842	0.5552	0.615	0.4615	0.0841	0.5033	0.5142	0.5051	0.572	0.3608	0.2844	0.2919	0.0842	0.2188	0.3586	0.2314	0.083	0.4431	0.342	0.3679	0.3634	0.3025	0.2173	0.2642	0.0832	0.2069	0.1737	0.2265	0.0869	0.276	0.2385	0.2701	0.3451	0.2192	0.2118	0.221	0.0816	0.1795	0.1963	0.1471	0.081	0.269	0.2002	0.195	0.2931	0.1689	0.1933	0.2522	0.0841	0.2014	0.1823	0.2235	0.0842	0.2179	0.2625	0.1829	0.2834
14	2.24	134.3333333		0.5183	0.5207	0.5309	0.0841	0.637	0.6278	0.4772	0.0903	0.549	0.5682	0.5074	0.5791	0.5291	0.5326	0.5482	0.0837	0.5895	0.6074	0.4633	0.0814	0.5269	0.5504	0.5018	0.5917	0.522	0.5548	0.5537	0.0824	0.619	0.6212	0.4437	0.0861	0.5358	0.5514	0.4739	0.5915	0.535	0.5513	0.567	0.0842	0.5895	0.6531	0.4256	0.0838	0.5374	0.558	0.5029	0.609	0.4003	0.3693	0.3222	0.0843	0.235	0.3428	0.2597	0.0827	0.2888	0.3997	0.407	0.4174	0.335	0.2353	0.3008	0.0832	0.2091	0.176	0.2252	0.0869	0.2952	0.2551	0.2995	0.3765	0.2253	0.2054	0.2516	0.0817	0.1785	0.1947	0.1473	0.0808	0.2642	0.2049	0.1974	0.2991	0.1694	0.1954	0.2569	0.0843	0.1966	0.1813	0.2285	0.0839	0.2274	0.2751	0.1836	0.2938
15	2.41	144.6666667		0.541	0.5347	0.5543	0.084	0.6617	0.6379	0.5124	0.0906	0.5849	0.5971	0.5428	0.6016	0.5517	0.5673	0.5702	0.0837	0.6256	0.6273	0.4753	0.0816	0.5632	0.5773	0.5267	0.6151	0.5451	0.5562	0.5874	0.0825	0.6408	0.6429	0.5072	0.0862	0.5542	0.5798	0.5195	0.6191	0.5561	0.6031	0.57	0.0843	0.6109	0.6721	0.5767	0.0841	0.5878	0.6344	0.5544	0.6229	0.4333	0.4058	0.3556	0.0843	0.2274	0.3504	0.2839	0.0829	0.3241	0.4221	0.4309	0.449	0.3527	0.2521	0.3673	0.0831	0.2183	0.179	0.2474	0.087	0.3188	0.2666	0.3469	0.4176	0.231	0.2199	0.2686	0.0817	0.1783	0.1936	0.1458	0.081	0.2705	0.2261	0.1962	0.3108	0.1679	0.1984	0.2619	0.0841	0.1993	0.1803	0.233	0.0838	0.2294	0.2815	0.1818	0.2937
16	2.58	155		0.562	0.5634	0.5772	0.0842	0.658	0.6448	0.5595	0.0905	0.5924	0.6132	0.5782	0.6117	0.5575	0.5854	0.5888	0.0838	0.6442	0.6492	0.5249	0.0815	0.5808	0.6061	0.5648	0.6195	0.5652	0.5835	0.6062	0.0826	0.6626	0.6653	0.5388	0.0863	0.5983	0.5966	0.5683	0.6262	0.5837	0.5827	0.6103	0.0841	0.6285	0.6833	0.5117	0.0838	0.5694	0.6393	0.5592	0.6394	0.4656	0.4116	0.3962	0.0842	0.2275	0.3232	0.3147	0.0826	0.3456	0.4361	0.4323	0.4883	0.3766	0.2729	0.3462	0.0832	0.1806	0.1746	0.2833	0.0867	0.3417	0.2879	0.3862	0.4627	0.2372	0.2403	0.2556	0.0819	0.1784	0.1904	0.1442	0.0806	0.2838	0.2473	0.1971	0.321	0.1668	0.2002	0.2688	0.0842	0.1986	0.1822	0.2335	0.0837	0.2343	0.2875	0.1818	0.3002
17	2.76	165.3333333		0.5582	0.5697	0.585	0.0841	0.6705	0.6777	0.5925	0.0909	0.6199	0.6281	0.6059	0.6082	0.5577	0.5997	0.603	0.0837	0.664	0.6604	0.5513	0.0816	0.6017	0.6181	0.5845	0.6121	0.5684	0.6026	0.6184	0.0824	0.6759	0.6761	0.5645	0.0864	0.6071	0.6031	0.5829	0.6231	0.5929	0.5719	0.6246	0.0843	0.6442	0.6897	0.5725	0.084	0.5856	0.6289	0.5994	0.636	0.4921	0.4534	0.3921	0.0843	0.2292	0.3433	0.3427	0.0829	0.3983	0.4506	0.459	0.5142	0.4025	0.2894	0.3781	0.0831	0.1834	0.17	0.3105	0.087	0.3762	0.3041	0.393	0.5003	0.2447	0.2428	0.2714	0.0816	0.1784	0.1919	0.1444	0.0809	0.2988	0.2116	0.1961	0.3298	0.1665	0.202	0.2774	0.0841	0.2001	0.1811	0.2339	0.0841	0.2372	0.2953	0.1809	0.3027
18	2.93	175.6666667		0.5521	0.575	0.5722	0.0841	0.6672	0.6823	0.6246	0.0899	0.6191	0.6471	0.6227	0.6071	0.5571	0.6057	0.5979	0.0837	0.6723	0.6618	0.5658	0.0815	0.608	0.6225	0.5992	0.6136	0.5586	0.6049	0.6112	0.0825	0.6821	0.6859	0.607	0.0862	0.6136	0.6211	0.6124	0.6191	0.5837	0.5796	0.62	0.0841	0.6561	0.6943	0.6739	0.0839	0.6311	0.6781	0.6199	0.6364	0.5086	0.4467	0.4739	0.0842	0.2289	0.3453	0.3649	0.0827	0.5452	0.4786	0.477	0.534	0.4255	0.3046	0.391	0.0831	0.1816	0.166	0.3214	0.0868	0.3862	0.3221	0.4172	0.5286	0.2523	0.2567	0.2877	0.0817	0.1784	0.1941	0.1444	0.0808	0.3162	0.2157	0.1952	0.3373	0.1671	0.2032	0.2865	0.0841	0.1994	0.182	0.2324	0.0839	0.2429	0.3034	0.1805	0.3073
19	3.1	186		0.5625	0.5725	0.5746	0.0843	0.677	0.6929	0.6472	0.09	0.6135	0.6428	0.616	0.6129	0.5537	0.5943	0.6007	0.0837	0.6892	0.6727	0.5863	0.0816	0.6088	0.6189	0.5962	0.6092	0.5514	0.6019	0.6084	0.0825	0.6926	0.691	0.6349	0.0866	0.6142	0.6207	0.6074	0.6217	0.5795	0.5808	0.6158	0.0843	0.6574	0.6989	0.6063	0.0841	0.625	0.6596	0.6317	0.6316	0.5208	0.4812	0.4587	0.0842	0.2302	0.3425	0.3815	0.0829	0.5024	0.4842	0.5339	0.5479	0.4463	0.3242	0.4038	0.083	0.1833	0.1631	0.3405	0.0871	0.4088	0.3419	0.4482	0.5443	0.2613	0.2683	0.3022	0.0818	0.1799	0.1797	0.144	0.0811	0.3284	0.2287	0.194	0.348	0.1669	0.2068	0.2986	0.0841	0.1987	0.1807	0.2319	0.0842	0.2479	0.3104	0.1797	0.3118
20	3.27	196.3333333		0.5457	0.5632	0.5741	0.0843	0.6931	0.7005	0.6599	0.0897	0.6114	0.6293	0.6137	0.6111	0.5557	0.5918	0.6047	0.0836	0.6834	0.6783	0.5863	0.0813	0.6078	0.6215	0.5992	0.6067	0.5491	0.5957	0.61	0.0826	0.7027	0.6954	0.6414	0.0863	0.6134	0.6249	0.608	0.6163	0.5801	0.586	0.6179	0.0843	0.653	0.6987	0.6474	0.0838	0.6246	0.6574	0.6252	0.6166	0.5322	0.482	0.4831	0.0842	0.229	0.3414	0.4172	0.0825	0.5711	0.4968	0.5458	0.5546	0.4657	0.3422	0.4363	0.0832	0.1778	0.1658	0.3504	0.0869	0.4223	0.3582	0.4539	0.5577	0.2743	0.2877	0.3114	0.0817	0.1843	0.1838	0.1434	0.0806	0.3438	0.2322	0.1933	0.3566	0.1666	0.2083	0.3059	0.0842	0.2001	0.1826	0.2303	0.0838	0.2541	0.3191	0.1786	0.3142
21	3.44	206.6666667		0.5505	0.5645	0.5706	0.0832	0.6975	0.694	0.6589	0.0888	0.5923	0.6156	0.6105	0.6061	0.5563	0.591	0.6049	0.0825	0.6934	0.676	0.584	0.0804	0.6086	0.6192	0.5899	0.5982	0.5451	0.5921	0.6098	0.0811	0.7166	0.7016	0.6474	0.0851	0.6153	0.6278	0.6031	0.6108	0.576	0.5856	0.616	0.0829	0.6505	0.6992	0.6458	0.0827	0.6194	0.653	0.6271	0.6221	0.5364	0.4877	0.5033	0.0829	0.2269	0.3358	0.4349	0.0815	0.5109	0.5171	0.5551	0.5483	0.4725	0.3571	0.44	0.0818	0.1821	0.1661	0.3633	0.0857	0.4414	0.3726	0.4601	0.5608	0.2807	0.2958	0.3257	0.0806	0.1714	0.1805	0.1413	0.0798	0.3584	0.2499	0.1911	0.3677	0.1648	0.2093	0.3138	0.0832	0.1991	0.1809	0.23	0.083	0.258	0.3262	0.1768	0.3187
22	3.62	217		0.5415	0.5626	0.5689	0.0831	0.6969	0.703	0.6538	0.0887	0.6042	0.6152	0.6084	0.606	0.551	0.5919	0.6049	0.0826	0.6972	0.6852	0.5824	0.0803	0.6096	0.6272	0.599	0.5939	0.5427	0.5895	0.6109	0.0812	0.7283	0.7105	0.6562	0.0848	0.6194	0.6369	0.6059	0.6082	0.5695	0.5799	0.6136	0.0829	0.6515	0.7026	0.6528	0.0825	0.6157	0.6478	0.6281	0.6208	0.5327	0.4869	0.4755	0.0829	0.2228	0.3488	0.4526	0.0812	0.5465	0.5287	0.5601	0.5473	0.4834	0.3786	0.4561	0.0819	0.1842	0.1649	0.3755	0.0855	0.4486	0.3887	0.4717	0.5556	0.2936	0.3031	0.3366	0.0807	0.1702	0.1845	0.1411	0.0796	0.3749	0.2593	0.1904	0.3763	0.1663	0.213	0.3243	0.0831	0.198	0.1809	0.2288	0.0829	0.2625	0.3324	0.176	0.3255
23	3.79	227.3333333		0.5403	0.5607	0.5588	0.0844	0.6965	0.7095	0.6609	0.0896	0.6017	0.6189	0.605	0.6047	0.5522	0.5898	0.6026	0.0838	0.7084	0.7123	0.5859	0.0816	0.6172	0.624	0.5942	0.5876	0.5449	0.5879	0.6094	0.0826	0.7312	0.7213	0.6654	0.0863	0.6232	0.6404	0.6043	0.6034	0.564	0.5779	0.6096	0.0843	0.6539	0.7074	0.662	0.0841	0.6148	0.6411	0.6308	0.6214	0.5293	0.4885	0.4863	0.0843	0.2198	0.3507	0.4659	0.0828	0.5056	0.5279	0.5769	0.5458	0.4897	0.3946	0.4708	0.0832	0.1911	0.1648	0.3897	0.0869	0.4644	0.3993	0.4785	0.5529	0.3075	0.3156	0.3522	0.0818	0.1723	0.1921	0.1422	0.081	0.3879	0.2704	0.1905	0.3895	0.167	0.2157	0.3341	0.0844	0.1987	0.1822	0.2295	0.0841	0.2693	0.3429	0.1762	0.3301
24	3.96	237.6666667		0.5385	0.5572	0.5615	0.0842	0.698	0.7034	0.6604	0.09	0.5972	0.6274	0.6113	0.5994	0.5512	0.585	0.6016	0.0836	0.7132	0.7088	0.5965	0.0814	0.6124	0.6235	0.5959	0.5795	0.5348	0.5864	0.6067	0.0826	0.7295	0.7344	0.6742	0.0863	0.6211	0.6398	0.6085	0.596	0.5637	0.5727	0.604	0.0842	0.6553	0.715	0.6656	0.0839	0.6067	0.6305	0.6324	0.613	0.5325	0.5098	0.5047	0.0843	0.2224	0.3441	0.4813	0.0826	0.514	0.5436	0.5749	0.5399	0.493	0.4028	0.4693	0.0833	0.1885	0.1652	0.4023	0.0867	0.4732	0.4234	0.4811	0.5482	0.316	0.3214	0.3619	0.0819	0.17	0.1893	0.1401	0.0808	0.4024	0.2809	0.1905	0.4025	0.1677	0.2209	0.3432	0.0842	0.1979	0.1825	0.2289	0.0839	0.2747	0.3499	0.1758	0.3374
25	4.13	248		0.5338	0.5497	0.5559	0.0842	0.7068	0.7203	0.6682	0.0904	0.599	0.603	0.6102	0.5936	0.545	0.5858	0.5972	0.0838	0.7244	0.7064	0.6002	0.0816	0.6131	0.6274	0.5783	0.5722	0.5345	0.5812	0.6037	0.0826	0.7384	0.7451	0.6814	0.0863	0.6172	0.6338	0.6047	0.5914	0.5674	0.5661	0.599	0.0843	0.6557	0.7171	0.6653	0.084	0.5986	0.6224	0.6413	0.6085	0.5325	0.5068	0.5099	0.0842	0.2224	0.3357	0.4918	0.0828	0.5181	0.5517	0.5744	0.5344	0.4903	0.4113	0.478	0.0831	0.1856	0.1651	0.4121	0.0872	0.4715	0.432	0.4876	0.5449	0.3307	0.3362	0.3711	0.0819	0.1716	0.1883	0.1402	0.081	0.4133	0.2949	0.1894	0.4097	0.1679	0.2248	0.349	0.0842	0.1982	0.1812	0.2284	0.084	0.2808	0.3575	0.1752	0.3439
26	4.31	258.3333333		0.5288	0.5534	0.5512	0.0841	0.6992	0.7341	0.6658	0.0903	0.5897	0.6092	0.6072	0.5916	0.5428	0.5856	0.5924	0.0837	0.7242	0.7047	0.5987	0.0814	0.6086	0.6239	0.5794	0.5659	0.5382	0.577	0.6013	0.0825	0.7469	0.7542	0.6864	0.0864	0.6155	0.6333	0.6042	0.5849	0.5693	0.5592	0.5935	0.0844	0.6571	0.719	0.6643	0.0839	0.5913	0.6153	0.6442	0.6027	0.5312	0.5015	0.5076	0.0844	0.2255	0.3301	0.4953	0.0828	0.5297	0.5517	0.5785	0.5298	0.4947	0.4113	0.484	0.0833	0.1887	0.1653	0.4229	0.0869	0.4862	0.4402	0.4894	0.5384	0.3393	0.3417	0.3817	0.0817	0.1735	0.1867	0.1381	0.0807	0.4203	0.3031	0.1886	0.4183	0.1702	0.228	0.3595	0.0844	0.1972	0.1821	0.2266	0.084	0.2878	0.3623	0.1744	0.3494
27	4.48	268.6666667		0.5275	0.5574	0.5517	0.0831	0.7232	0.7315	0.6597	0.0895	0.587	0.5904	0.609	0.5872	0.54	0.5744	0.5873	0.0826	0.7319	0.7085	0.5968	0.0803	0.6043	0.6251	0.594	0.5556	0.5349	0.572	0.5957	0.0813	0.7463	0.7637	0.6835	0.0851	0.6118	0.6252	0.5971	0.5779	0.5657	0.5507	0.5865	0.083	0.6579	0.7233	0.6629	0.0826	0.5847	0.6077	0.6429	0.6046	0.5253	0.4969	0.5027	0.0829	0.2205	0.3383	0.5092	0.0815	0.5358	0.5456	0.5757	0.5232	0.4928	0.4305	0.4826	0.0819	0.1882	0.1643	0.431	0.0857	0.4783	0.4377	0.4898	0.5363	0.3496	0.3562	0.3933	0.0807	0.1726	0.1862	0.1385	0.0798	0.4314	0.3116	0.1861	0.4271	0.169	0.2305	0.3661	0.0831	0.1964	0.1809	0.2265	0.0828	0.2913	0.3661	0.1724	0.3555
28	4.65	279		0.528	0.5534	0.554	0.0841	0.7228	0.7377	0.681	0.0898	0.5983	0.5888	0.6077	0.5869	0.5412	0.5763	0.5832	0.0837	0.7549	0.7123	0.5945	0.0815	0.6021	0.6219	0.5802	0.5483	0.5305	0.5715	0.5933	0.0827	0.749	0.7731	0.684	0.0864	0.6113	0.6266	0.5997	0.5743	0.5622	0.5459	0.5833	0.0843	0.6614	0.7174	0.6634	0.0839	0.5809	0.6031	0.642	0.594	0.5224	0.4993	0.5034	0.0843	0.2207	0.3384	0.5195	0.0826	0.5379	0.5481	0.5777	0.5209	0.4942	0.4385	0.4799	0.0832	0.19	0.1659	0.4422	0.0869	0.4811	0.4523	0.4932	0.536	0.3597	0.3663	0.3987	0.082	0.1721	0.1873	0.1392	0.0809	0.4417	0.3257	0.1868	0.4345	0.1713	0.2368	0.375	0.0844	0.1979	0.182	0.2269	0.0839	0.2982	0.3731	0.1729	0.362
29	4.82	289.3333333		0.5304	0.5476	0.5511	0.0843	0.7241	0.7384	0.668	0.0899	0.5872	0.5893	0.6049	0.5819	0.5386	0.5701	0.5793	0.0839	0.7538	0.7163	0.5911	0.0816	0.6015	0.6188	0.6008	0.5476	0.5277	0.5666	0.5906	0.0827	0.7506	0.7724	0.681	0.0864	0.6089	0.6268	0.6062	0.5692	0.559	0.5422	0.5783	0.0842	0.6629	0.7097	0.6615	0.0839	0.5747	0.5971	0.6411	0.5893	0.5199	0.489	0.5001	0.0842	0.2194	0.3352	0.5204	0.0828	0.5344	0.5489	0.5813	0.5167	0.4936	0.4378	0.4804	0.0833	0.1896	0.1662	0.4491	0.0871	0.4861	0.4467	0.5	0.5354	0.3688	0.3721	0.4067	0.0819	0.1712	0.1878	0.1399	0.0808	0.4469	0.3344	0.1863	0.4414	0.1734	0.2416	0.3804	0.0843	0.1974	0.1821	0.2255	0.0837	0.3024	0.3754	0.1725	0.366
30	4.99	299.6666667		0.5222	0.5499	0.5479	0.0842	0.7438	0.7417	0.6683	0.0903	0.5886	0.605	0.6062	0.5764	0.5352	0.5706	0.5771	0.0837	0.7534	0.7328	0.5806	0.0816	0.5989	0.6176	0.5973	0.537	0.5274	0.5642	0.5857	0.0825	0.7517	0.7636	0.6778	0.0864	0.6055	0.625	0.5871	0.5634	0.5616	0.5362	0.5732	0.0842	0.6649	0.7081	0.6592	0.084	0.5686	0.5907	0.6362	0.5859	0.5183	0.4868	0.497	0.0841	0.2194	0.3319	0.5307	0.0828	0.5299	0.5474	0.5761	0.5134	0.497	0.4376	0.4825	0.0831	0.1878	0.1667	0.4544	0.0869	0.4923	0.4577	0.5021	0.527	0.3761	0.3767	0.4064	0.0817	0.1703	0.1882	0.1384	0.081	0.4513	0.3457	0.1855	0.4448	0.1742	0.2467	0.3891	0.0841	0.1964	0.1826	0.2253	0.0841	0.3081	0.3795	0.1717	0.3734
31	5.17	310		0.5229	0.5491	0.5453	0.083	0.7395	0.7349	0.6641	0.0889	0.5832	0.6078	0.6057	0.5754	0.5318	0.559	0.5726	0.0826	0.7458	0.7405	0.5794	0.0804	0.5961	0.6161	0.5874	0.5331	0.5246	0.5623	0.5812	0.0812	0.7493	0.752	0.6728	0.0851	0.6016	0.6203	0.5971	0.5554	0.559	0.53	0.5673	0.0831	0.6659	0.7089	0.6554	0.0827	0.5626	0.584	0.6273	0.5796	0.5158	0.4805	0.4927	0.0829	0.217	0.3288	0.5291	0.0814	0.5301	0.5438	0.5773	0.5072	0.4917	0.435	0.4791	0.0818	0.1863	0.1652	0.4575	0.0857	0.4935	0.4611	0.5022	0.523	0.3803	0.3793	0.4116	0.0808	0.1687	0.1869	0.1384	0.0799	0.4545	0.3559	0.1832	0.4478	0.1751	0.2506	0.3935	0.0831	0.1945	0.1815	0.2236	0.0829	0.3111	0.3803	0.1696	0.3787
32	5.34	320.3333333		0.5166	0.5463	0.5463	0.083	0.7445	0.7481	0.6567	0.0892	0.5846	0.5983	0.6006	0.572	0.53	0.5569	0.568	0.0826	0.7348	0.7408	0.5806	0.0804	0.593	0.6158	0.5812	0.5274	0.5234	0.5582	0.5773	0.0812	0.7485	0.7514	0.6684	0.0851	0.5978	0.6181	0.5914	0.5503	0.5572	0.5237	0.5629	0.0829	0.6682	0.7124	0.6523	0.0827	0.5571	0.578	0.6356	0.5714	0.5154	0.477	0.4897	0.0829	0.2162	0.3264	0.5311	0.0813	0.529	0.5386	0.5763	0.501	0.4911	0.4411	0.4736	0.0819	0.186	0.163	0.4623	0.0855	0.4936	0.4589	0.5031	0.5206	0.3899	0.3839	0.415	0.0806	0.1692	0.1851	0.1378	0.0798	0.4558	0.3615	0.1824	0.4504	0.1774	0.257	0.399	0.0833	0.1954	0.1818	0.2226	0.0829	0.3149	0.385	0.1691	0.3846
33	5.51	330.6666667		0.5072	0.5492	0.5463	0.0839	0.7471	0.7591	0.651	0.0904	0.5788	0.5896	0.5941	0.5721	0.5258	0.5613	0.5647	0.084	0.7262	0.731	0.5867	0.0816	0.5921	0.6176	0.5816	0.5242	0.5235	0.5562	0.5746	0.0827	0.7526	0.7565	0.6655	0.0864	0.5961	0.6166	0.5824	0.5465	0.5582	0.5243	0.5604	0.0844	0.6725	0.7174	0.6495	0.084	0.5539	0.5743	0.6331	0.5691	0.515	0.4774	0.4881	0.0843	0.2168	0.3316	0.5384	0.0829	0.5249	0.5399	0.5643	0.4971	0.492	0.4411	0.4742	0.0833	0.1862	0.164	0.4696	0.0869	0.4893	0.4674	0.5034	0.5164	0.3958	0.3865	0.4173	0.082	0.1699	0.1872	0.1404	0.0811	0.4618	0.366	0.1833	0.4499	0.1819	0.2632	0.4029	0.0844	0.1965	0.1835	0.2236	0.0841	0.3186	0.3884	0.1696	0.3898
34	5.68	341		0.5098	0.5488	0.5452	0.0841	0.7573	0.7562	0.6538	0.0905	0.5777	0.5878	0.5969	0.5736	0.5243	0.5569	0.5614	0.0837	0.7209	0.7248	0.5899	0.0816	0.5887	0.6195	0.5864	0.5217	0.521	0.5519	0.5723	0.0826	0.761	0.7656	0.661	0.0863	0.5929	0.6123	0.586	0.5412	0.5634	0.5209	0.5564	0.0843	0.6758	0.7167	0.6458	0.0839	0.5486	0.5692	0.6353	0.5612	0.5142	0.4765	0.4858	0.0844	0.2156	0.3265	0.5385	0.0827	0.5221	0.5362	0.5664	0.4938	0.4924	0.4527	0.4683	0.0835	0.1856	0.1652	0.4714	0.0869	0.4882	0.467	0.5045	0.5114	0.3988	0.3854	0.4242	0.0817	0.1693	0.1856	0.1404	0.081	0.4654	0.3811	0.182	0.4472	0.1869	0.2688	0.4021	0.0843	0.1964	0.1819	0.2235	0.0839	0.3224	0.391	0.1691	0.3954
35	5.86	351.3333333		0.5101	0.5508	0.5442	0.0842	0.7604	0.7645	0.6746	0.0908	0.5821	0.5905	0.5859	0.5757	0.521	0.5524	0.5581	0.0839	0.7188	0.7263	0.5806	0.0815	0.5863	0.6181	0.5803	0.5153	0.5192	0.5503	0.5697	0.0827	0.7674	0.7822	0.6562	0.0864	0.5909	0.6091	0.584	0.5342	0.5623	0.5194	0.5533	0.0844	0.6787	0.7167	0.6418	0.084	0.5447	0.564	0.6306	0.5613	0.5115	0.4725	0.4832	0.0843	0.215	0.3281	0.5371	0.0829	0.5192	0.5331	0.554	0.4874	0.4913	0.4548	0.4664	0.0833	0.1844	0.1638	0.4738	0.0871	0.4856	0.4643	0.5051	0.507	0.4034	0.3808	0.4125	0.0819	0.1692	0.1858	0.1401	0.0811	0.4633	0.3792	0.182	0.4477	0.1911	0.2747	0.4055	0.0843	0.1969	0.1823	0.2228	0.084	0.3257	0.392	0.1685	0.398
36	6.03	361.6666667		0.5298	0.549	0.5492	0.0844	0.7641	0.7716	0.6531	0.0908	0.5819	0.6022	0.5943	0.5798	0.5153	0.5505	0.5551	0.0838	0.7174	0.7301	0.5714	0.0818	0.5821	0.6062	0.5843	0.5113	0.5196	0.5483	0.5656	0.0826	0.7731	0.7773	0.652	0.0865	0.5875	0.6066	0.5625	0.5288	0.5619	0.5184	0.55	0.0843	0.6833	0.7189	0.6364	0.084	0.5405	0.5597	0.6249	0.5506	0.5132	0.4697	0.4814	0.0845	0.2143	0.3254	0.539	0.0829	0.5171	0.5293	0.5529	0.4836	0.4907	0.4537	0.4652	0.0833	0.1845	0.1635	0.476	0.0869	0.4828	0.4578	0.5043	0.5049	0.4036	0.3928	0.4119	0.0818	0.169	0.1842	0.1402	0.0809	0.4642	0.3863	0.1807	0.4476	0.1934	0.2794	0.4056	0.0843	0.1963	0.183	0.222	0.084	0.3287	0.393	0.1674	0.4031
37	6.2	372		0.5628	0.547	0.548	0.0848	0.7518	0.7763	0.6508	0.0909	0.5861	0.5935	0.5865	0.5813	0.5105	0.5441	0.5524	0.084	0.725	0.7274	0.5668	0.0815	0.5791	0.6028	0.5793	0.5045	0.5162	0.5456	0.5624	0.0827	0.777	0.7742	0.646	0.0864	0.5845	0.6036	0.5654	0.5224	0.562	0.5143	0.5478	0.0844	0.6876	0.7206	0.6325	0.084	0.5371	0.5544	0.6193	0.5481	0.5128	0.4683	0.4777	0.0844	0.2128	0.3261	0.5414	0.0828	0.5137	0.5243	0.5427	0.4771	0.4898	0.4567	0.4623	0.0834	0.1839	0.1635	0.4735	0.087	0.4801	0.4598	0.5037	0.4982	0.4065	0.3916	0.4172	0.082	0.1684	0.1823	0.1399	0.081	0.466	0.3984	0.1801	0.4466	0.201	0.2862	0.4103	0.0843	0.197	0.1829	0.2218	0.0837	0.3312	0.3936	0.1671	0.4043
38	6.37	382.3333333		0.5965	0.5468	0.5515	0.0845	0.7633	0.7713	0.6576	0.0909	0.5919	0.5933	0.5913	0.5905	0.508	0.538	0.5491	0.0838	0.7241	0.7295	0.5622	0.0818	0.5751	0.6003	0.5805	0.4984	0.515	0.5429	0.5601	0.0827	0.7754	0.7758	0.6397	0.0864	0.5815	0.6005	0.5993	0.5166	0.5658	0.5108	0.5452	0.0843	0.6901	0.7217	0.6274	0.0839	0.5337	0.5501	0.6057	0.5425	0.512	0.4681	0.4768	0.0843	0.2119	0.3192	0.5487	0.0826	0.5116	0.5211	0.54	0.4747	0.4922	0.459	0.4608	0.0834	0.1826	0.1623	0.4804	0.0869	0.4775	0.4678	0.5045	0.4947	0.4062	0.3945	0.4221	0.0819	0.1676	0.1826	0.1395	0.0809	0.4634	0.398	0.1795	0.4503	0.206	0.2917	0.4083	0.0843	0.1962	0.1819	0.2213	0.0839	0.333	0.3928	0.1663	0.4055
39	6.54	392.6666667		0.5976	0.5456	0.5492	0.0836	0.7707	0.7739	0.6506	0.0905	0.5837	0.5822	0.5811	0.5929	0.5061	0.5394	0.5464	0.0827	0.7169	0.7277	0.5608	0.0805	0.5711	0.5983	0.5641	0.492	0.5184	0.5391	0.5558	0.0814	0.7738	0.7784	0.6309	0.0852	0.577	0.596	0.5853	0.5071	0.5659	0.5092	0.5416	0.0831	0.6926	0.7229	0.6218	0.0826	0.5302	0.5418	0.5957	0.5384	0.5086	0.4623	0.4744	0.083	0.2086	0.316	0.5438	0.0814	0.5072	0.5168	0.5452	0.4696	0.4901	0.4572	0.458	0.0821	0.1804	0.1605	0.4806	0.0858	0.4737	0.4665	0.5025	0.4898	0.4066	0.3946	0.4226	0.0809	0.1661	0.1809	0.138	0.0799	0.4635	0.4	0.1775	0.4486	0.211	0.294	0.4084	0.0831	0.1947	0.182	0.2195	0.0829	0.3336	0.3959	0.1644	0.4072
40	6.72	403		0.6018	0.5482	0.551	0.0836	0.7808	0.7727	0.6487	0.0901	0.565	0.5839	0.5851	0.6004	0.5097	0.5388	0.544	0.0828	0.7156	0.7277	0.5605	0.0806	0.5675	0.5947	0.564	0.4881	0.5331	0.5379	0.5533	0.0814	0.7777	0.7808	0.6257	0.0851	0.5737	0.5929	0.5865	0.5009	0.5728	0.5083	0.54	0.083	0.6955	0.7241	0.6175	0.0826	0.5275	0.5413	0.588	0.5286	0.5076	0.4638	0.4727	0.083	0.2079	0.3158	0.5386	0.0813	0.5061	0.5104	0.5353	0.4638	0.4917	0.4515	0.4567	0.082	0.1795	0.1599	0.4829	0.0857	0.4717	0.4501	0.5014	0.4847	0.4083	0.3967	0.4132	0.0808	0.1653	0.1802	0.1378	0.0797	0.4669	0.4047	0.1771	0.4422	0.2183	0.3015	0.4061	0.083	0.1944	0.1814	0.2195	0.0831	0.3347	0.3945	0.1636	0.4064
41	6.89	413.3333333		0.5985	0.5516	0.5529	0.0838	0.7853	0.7767	0.6456	0.0905	0.5732	0.5795	0.5765	0.6114	0.5142	0.5388	0.5417	0.0828	0.7186	0.7259	0.5585	0.0804	0.5643	0.5941	0.565	0.4828	0.5394	0.5349	0.5509	0.0815	0.7804	0.7821	0.6199	0.0851	0.5711	0.5904	0.581	0.4948	0.5755	0.5082	0.5387	0.083	0.6994	0.7261	0.6134	0.0827	0.525	0.5382	0.5828	0.5235	0.5053	0.4597	0.4711	0.0829	0.2066	0.3157	0.5323	0.0813	0.5036	0.5058	0.5316	0.4602	0.4915	0.4373	0.4551	0.0821	0.1795	0.1595	0.4847	0.0858	0.469	0.4472	0.5016	0.4799	0.4062	0.3956	0.4209	0.0809	0.1649	0.1816	0.1378	0.0799	0.4678	0.4068	0.176	0.4407	0.2221	0.3062	0.406	0.0833	0.1948	0.1815	0.2188	0.0831	0.3348	0.3946	0.1632	0.4074
42	7.06	423.6666667		0.6135	0.5564	0.5486	0.0836	0.7899	0.7803	0.6333	0.0906	0.5649	0.5826	0.5845	0.6322	0.5211	0.5382	0.5401	0.0828	0.7218	0.7246	0.5571	0.0804	0.5603	0.5871	0.5781	0.4783	0.5367	0.533	0.5494	0.0814	0.7804	0.7822	0.6143	0.0851	0.5682	0.5869	0.5795	0.4907	0.5798	0.506	0.5366	0.0831	0.7023	0.728	0.6094	0.0826	0.5231	0.5367	0.5768	0.5174	0.5055	0.4623	0.4711	0.0831	0.2063	0.3087	0.5318	0.0814	0.5022	0.5039	0.5142	0.4566	0.4917	0.4407	0.4546	0.0821	0.1787	0.159	0.4855	0.0856	0.4684	0.4462	0.5009	0.4764	0.4072	0.3927	0.4227	0.0808	0.164	0.1819	0.1373	0.0799	0.4667	0.4093	0.175	0.4374	0.2305	0.3074	0.4061	0.0833	0.1944	0.1808	0.2182	0.083	0.3351	0.395	0.1625	0.4063
43	7.23	434		0.6409	0.5534	0.5502	0.0838	0.7954	0.7834	0.637	0.0906	0.5637	0.587	0.5746	0.6399	0.5251	0.5376	0.5375	0.0826	0.723	0.7234	0.5524	0.0805	0.5571	0.5815	0.5799	0.4735	0.542	0.5347	0.5466	0.0813	0.7813	0.7831	0.6087	0.0851	0.5645	0.582	0.573	0.4846	0.5859	0.5069	0.5357	0.0828	0.7072	0.73	0.6059	0.0825	0.5217	0.5358	0.5696	0.5134	0.5021	0.4605	0.4702	0.0828	0.2045	0.3099	0.5328	0.0814	0.5004	0.5032	0.513	0.4518	0.4926	0.4451	0.4533	0.0819	0.178	0.1589	0.4858	0.0858	0.4642	0.4456	0.5012	0.4713	0.407	0.3931	0.4187	0.0808	0.1632	0.1818	0.1369	0.0801	0.4682	0.4092	0.175	0.4386	0.2348	0.3127	0.4008	0.0832	0.1945	0.1806	0.2182	0.083	0.3359	0.3946	0.1618	0.4105
44	7.41	444.3333333		0.6515	0.5633	0.5532	0.085	0.792	0.7773	0.6357	0.0915	0.5672	0.5954	0.5803	0.6465	0.5336	0.5395	0.5386	0.084	0.7228	0.7243	0.5501	0.0817	0.5556	0.5787	0.5752	0.4689	0.5549	0.5363	0.5463	0.0828	0.7824	0.7847	0.6054	0.0864	0.5637	0.5814	0.5868	0.4808	0.598	0.5074	0.5365	0.0843	0.7122	0.7335	0.6043	0.084	0.5216	0.5352	0.5677	0.509	0.5054	0.4569	0.4704	0.0844	0.2048	0.3079	0.5379	0.0829	0.4999	0.5035	0.5153	0.447	0.4937	0.4361	0.4545	0.0834	0.1791	0.1588	0.4891	0.0869	0.4632	0.4507	0.503	0.4694	0.4078	0.3935	0.4198	0.082	0.1641	0.1835	0.1378	0.081	0.4688	0.4119	0.1749	0.4378	0.2409	0.3179	0.4079	0.0844	0.1949	0.1816	0.2179	0.084	0.3375	0.3971	0.1623	0.4099
45	7.58	454.6666667		0.6513	0.5588	0.5506	0.0852	0.8003	0.7911	0.6442	0.0916	0.5682	0.5937	0.5747	0.6594	0.544	0.5383	0.5365	0.0842	0.7215	0.7251	0.5448	0.0817	0.5513	0.5787	0.5809	0.4666	0.5721	0.5315	0.544	0.0829	0.7834	0.784	0.6	0.0864	0.5604	0.5773	0.5727	0.4756	0.6039	0.5063	0.5352	0.0845	0.7156	0.7348	0.601	0.084	0.5196	0.5367	0.566	0.5018	0.505	0.4608	0.4712	0.0844	0.2045	0.3073	0.5383	0.0829	0.4983	0.5021	0.5178	0.4424	0.4955	0.4294	0.4539	0.0835	0.1787	0.1581	0.4902	0.0869	0.4609	0.4461	0.5029	0.4642	0.4065	0.3905	0.4175	0.0821	0.1632	0.1832	0.1378	0.0809	0.4698	0.4122	0.1741	0.4358	0.2461	0.3197	0.4052	0.0843	0.1954	0.1811	0.2181	0.0842	0.3392	0.3961	0.1618	0.4116
46	7.75	465		0.647	0.5625	0.5542	0.0841	0.8026	0.7902	0.6298	0.0912	0.5606	0.5948	0.5781	0.6636	0.5568	0.536	0.5335	0.0827	0.7207	0.7216	0.5403	0.0806	0.5472	0.5755	0.5845	0.4618	0.5868	0.5294	0.5411	0.0815	0.781	0.7842	0.5944	0.0852	0.5562	0.5744	0.5827	0.4679	0.609	0.5055	0.5333	0.083	0.7183	0.7353	0.5966	0.0826	0.5177	0.5328	0.5614	0.4981	0.503	0.4594	0.4691	0.083	0.2034	0.3127	0.5365	0.0814	0.4972	0.5	0.5213	0.4382	0.4965	0.437	0.4517	0.0819	0.177	0.1565	0.4899	0.0857	0.4565	0.4493	0.5012	0.4606	0.4055	0.3894	0.4156	0.0806	0.162	0.1815	0.1364	0.08	0.4678	0.4102	0.1722	0.433	0.2512	0.3198	0.4057	0.0831	0.1944	0.1797	0.2164	0.0829	0.337	0.3939	0.1603	0.4045
47	7.92	475.3333333		0.6486	0.5667	0.5527	0.0853	0.8037	0.7783	0.6391	0.0918	0.5595	0.5972	0.5726	0.6646	0.5753	0.5334	0.5332	0.0843	0.7204	0.7229	0.5383	0.0818	0.5434	0.5758	0.587	0.4592	0.5956	0.5304	0.5407	0.0828	0.7836	0.7854	0.5918	0.0864	0.555	0.572	0.571	0.4646	0.6133	0.5073	0.5332	0.0844	0.7234	0.7381	0.5955	0.084	0.5177	0.5326	0.5599	0.4918	0.5054	0.4563	0.4705	0.0844	0.2055	0.3134	0.5346	0.0828	0.496	0.5002	0.529	0.4333	0.4986	0.4405	0.4532	0.0835	0.1784	0.1579	0.4913	0.087	0.4593	0.4478	0.5027	0.4593	0.4049	0.393	0.4194	0.0822	0.1624	0.1828	0.1374	0.081	0.4702	0.4117	0.173	0.4329	0.2555	0.322	0.4063	0.0843	0.1954	0.1805	0.2176	0.0842	0.3379	0.392	0.161	0.409
48	8.09	485.6666667		0.6446	0.5621	0.5555	0.0839	0.7953	0.7876	0.6394	0.0912	0.5647	0.5992	0.5739	0.6745	0.5879	0.5281	0.5295	0.0828	0.7202	0.7202	0.5353	0.0808	0.5387	0.5639	0.5873	0.4544	0.6058	0.5227	0.5372	0.0814	0.7817	0.7855	0.5859	0.0852	0.5518	0.5694	0.5719	0.4592	0.6177	0.504	0.5315	0.083	0.7247	0.7366	0.5907	0.0827	0.5151	0.5315	0.5563	0.486	0.5009	0.458	0.4696	0.0829	0.2037	0.311	0.5317	0.0815	0.4948	0.499	0.5326	0.43	0.4975	0.4397	0.4514	0.0819	0.177	0.1563	0.4884	0.0856	0.4556	0.4409	0.5001	0.4529	0.403	0.3919	0.4186	0.0808	0.161	0.1814	0.136	0.0799	0.4696	0.411	0.1708	0.4312	0.2573	0.3255	0.4046	0.0832	0.1943	0.1796	0.2159	0.083	0.3377	0.3935	0.1592	0.4061
49	8.27	496		0.6629	0.5677	0.5561	0.0842	0.8004	0.796	0.6355	0.091	0.5719	0.5988	0.5706	0.6733	0.6019	0.5303	0.5291	0.083	0.7179	0.7197	0.5331	0.0806	0.5378	0.5611	0.5902	0.4522	0.6041	0.5271	0.5359	0.0813	0.7813	0.7843	0.5811	0.085	0.5484	0.5635	0.5665	0.4559	0.622	0.5049	0.5305	0.0831	0.7272	0.7373	0.5876	0.0826	0.5136	0.5314	0.5541	0.4813	0.5018	0.4604	0.4696	0.083	0.2046	0.3133	0.5299	0.0815	0.4954	0.5	0.532	0.4256	0.4987	0.4405	0.4517	0.0821	0.1762	0.1556	0.4917	0.0856	0.4566	0.4449	0.5005	0.4495	0.4047	0.3918	0.4168	0.0808	0.1599	0.1809	0.1358	0.0799	0.4695	0.4107	0.1703	0.43	0.2603	0.3266	0.4067	0.0833	0.193	0.1787	0.2151	0.083	0.3374	0.3927	0.1588	0.4063
50	8.44	506.3333333		0.6843	0.5741	0.5609	0.0842	0.8027	0.7967	0.6326	0.091	0.5663	0.5981	0.5712	0.6807	0.6031	0.5268	0.5275	0.0829	0.7168	0.7204	0.5302	0.0806	0.5332	0.557	0.5932	0.45	0.6053	0.5209	0.5341	0.0813	0.7813	0.7851	0.5778	0.0852	0.546	0.5594	0.5584	0.4529	0.6309	0.5042	0.5292	0.0829	0.7307	0.7385	0.5854	0.0827	0.512	0.5293	0.552	0.4754	0.5023	0.4593	0.4695	0.0829	0.2059	0.3158	0.5299	0.0815	0.4957	0.4997	0.5323	0.4184	0.4981	0.4399	0.4518	0.0818	0.1755	0.1555	0.4907	0.0857	0.4571	0.4407	0.5012	0.4446	0.4041	0.394	0.4145	0.0805	0.1595	0.1802	0.1356	0.08	0.4704	0.4113	0.1698	0.4298	0.2642	0.3262	0.4	0.0832	0.1947	0.1787	0.2155	0.0829	0.3356	0.392	0.1578	0.4064
51	8.61	516.6666667		0.6837	0.5757	0.5638	0.0854	0.8081	0.796	0.638	0.0928	0.5688	0.6016	0.5704	0.6908	0.6048	0.5273	0.5268	0.0842	0.7172	0.7196	0.5298	0.0818	0.5328	0.5543	0.593	0.4474	0.6057	0.5254	0.5318	0.0829	0.7821	0.7868	0.5757	0.0866	0.5454	0.5571	0.5582	0.4497	0.6394	0.504	0.5294	0.0844	0.733	0.7416	0.5849	0.084	0.5122	0.5295	0.5507	0.4732	0.5034	0.4615	0.4709	0.0845	0.2074	0.3192	0.5285	0.0829	0.4955	0.5029	0.5329	0.4183	0.5016	0.4449	0.4524	0.0834	0.1767	0.1568	0.4917	0.0872	0.4581	0.4355	0.5019	0.4416	0.4042	0.3953	0.4174	0.0821	0.1606	0.1811	0.1367	0.0813	0.4715	0.4118	0.1708	0.4303	0.2641	0.3277	0.4016	0.0844	0.1955	0.1804	0.2167	0.0842	0.338	0.3937	0.1588	0.4057
52	8.78	527		0.6839	0.5853	0.561	0.0844	0.8108	0.7911	0.6343	0.0929	0.5705	0.6009	0.5706	0.6966	0.6045	0.53	0.5261	0.0841	0.7171	0.7181	0.5282	0.082	0.5297	0.5536	0.5947	0.4487	0.616	0.5269	0.5305	0.0828	0.7827	0.7861	0.5714	0.0866	0.5427	0.5551	0.548	0.4459	0.6364	0.5037	0.5286	0.0845	0.7356	0.7414	0.5821	0.084	0.5106	0.5287	0.549	0.4702	0.5039	0.463	0.4683	0.0844	0.2071	0.3176	0.5274	0.0828	0.4941	0.5046	0.5321	0.4138	0.5016	0.4344	0.4531	0.0833	0.176	0.1563	0.4926	0.087	0.4566	0.4444	0.5019	0.4379	0.4036	0.3965	0.4176	0.0819	0.1599	0.1799	0.1366	0.081	0.472	0.4119	0.1699	0.4285	0.2676	0.3287	0.4062	0.0844	0.1957	0.1791	0.216	0.0839	0.3355	0.3922	0.1583	0.4088
53	8.96	537.3333333		0.6853	0.5817	0.5643	0.0843	0.8103	0.7942	0.6391	0.0924	0.5731	0.6031	0.5649	0.6972	0.6092	0.5295	0.5249	0.0843	0.7154	0.7179	0.5281	0.0818	0.5274	0.5513	0.5963	0.4517	0.6217	0.5245	0.5298	0.0828	0.7818	0.7856	0.5697	0.0865	0.5404	0.5545	0.554	0.4435	0.6443	0.503	0.5267	0.0845	0.7353	0.7416	0.5804	0.0841	0.5093	0.5278	0.5466	0.4665	0.5032	0.4595	0.4697	0.0844	0.2065	0.3196	0.5257	0.0828	0.4967	0.5056	0.5312	0.4101	0.5013	0.4363	0.4533	0.0835	0.1761	0.1561	0.494	0.0871	0.4583	0.441	0.5018	0.4352	0.4032	0.3967	0.4165	0.082	0.159	0.1802	0.1363	0.081	0.4728	0.4125	0.1696	0.4273	0.2689	0.3284	0.402	0.0843	0.1957	0.1783	0.2157	0.0842	0.3366	0.3906	0.1575	0.4098
54	9.13	547.6666667		0.6871	0.5835	0.5608	0.0833	0.8126	0.7965	0.6356	0.0918	0.5682	0.6042	0.5723	0.701	0.6191	0.5273	0.5222	0.083	0.7137	0.7156	0.5257	0.0809	0.5251	0.5501	0.5942	0.4526	0.6196	0.5256	0.526	0.0814	0.7805	0.7843	0.5651	0.0853	0.5374	0.5494	0.5506	0.4375	0.6468	0.5017	0.5247	0.0831	0.735	0.7409	0.5778	0.0828	0.5062	0.5256	0.5449	0.459	0.5034	0.4603	0.4689	0.083	0.2045	0.3219	0.5235	0.0816	0.497	0.5049	0.5282	0.4045	0.4994	0.4387	0.4523	0.0819	0.1739	0.154	0.4913	0.0857	0.4595	0.4388	0.5003	0.4289	0.402	0.3989	0.4162	0.0808	0.1577	0.1793	0.1347	0.0801	0.4722	0.4111	0.1678	0.4258	0.2694	0.3274	0.3992	0.083	0.1946	0.1773	0.2132	0.0829	0.3372	0.3907	0.1558	0.4088
55	9.3	558		0.6952	0.5855	0.5603	0.0845	0.8128	0.8037	0.6355	0.0923	0.5761	0.5998	0.5688	0.7117	0.6362	0.5242	0.5225	0.0844	0.7135	0.7163	0.5261	0.0819	0.5236	0.5496	0.5917	0.458	0.6166	0.524	0.5258	0.0829	0.7822	0.7852	0.5633	0.0867	0.536	0.5505	0.5503	0.4369	0.6438	0.5032	0.5245	0.0845	0.7371	0.7426	0.5776	0.0839	0.5074	0.5261	0.5453	0.4592	0.5066	0.4617	0.4705	0.0845	0.2051	0.3246	0.5237	0.0828	0.5	0.5081	0.5286	0.4018	0.4984	0.4384	0.4535	0.0834	0.1753	0.1555	0.4944	0.0869	0.4574	0.4393	0.5024	0.4278	0.4044	0.3997	0.4176	0.082	0.1584	0.1804	0.1361	0.081	0.4727	0.4121	0.1687	0.4276	0.2692	0.3294	0.398	0.0844	0.1961	0.1781	0.2147	0.0842	0.3377	0.3923	0.1565	0.4134
56	9.47	568.3333333		0.6949	0.5975	0.559	0.0833	0.8093	0.7984	0.6333	0.0922	0.5751	0.6015	0.5715	0.71	0.6371	0.5225	0.5192	0.083	0.7123	0.712	0.5216	0.0808	0.521	0.5488	0.6026	0.4588	0.619	0.525	0.5227	0.0814	0.7808	0.784	0.56	0.0853	0.5332	0.5469	0.5393	0.4326	0.6252	0.5015	0.5224	0.0831	0.7372	0.7408	0.5747	0.0827	0.5042	0.5237	0.5426	0.4541	0.5051	0.4615	0.4693	0.083	0.2023	0.3239	0.5216	0.0815	0.4992	0.5075	0.5262	0.3963	0.4964	0.4388	0.4524	0.0821	0.1734	0.1535	0.4939	0.0859	0.4574	0.4398	0.5011	0.4236	0.4037	0.4006	0.4157	0.0809	0.1569	0.1793	0.1345	0.08	0.4732	0.4109	0.1668	0.4249	0.2699	0.3286	0.4	0.0833	0.1951	0.1769	0.2132	0.083	0.3366	0.3909	0.1544	0.4111
57	9.64	578.6666667		0.6904	0.5957	0.5593	0.0846	0.8071	0.7972	0.6331	0.0928	0.5707	0.6036	0.5724	0.7124	0.6487	0.5214	0.5193	0.0844	0.7129	0.7141	0.5236	0.0819	0.5203	0.5483	0.5966	0.4657	0.6157	0.5241	0.5222	0.0829	0.7808	0.7843	0.5589	0.0866	0.5329	0.5444	0.5425	0.4316	0.6207	0.502	0.5226	0.0847	0.7381	0.742	0.5751	0.084	0.5036	0.5256	0.5437	0.4525	0.5099	0.4637	0.4703	0.0845	0.2026	0.3266	0.5214	0.0829	0.5004	0.5096	0.5277	0.3942	0.4948	0.4405	0.4537	0.0836	0.1745	0.1537	0.495	0.087	0.4602	0.4411	0.502	0.4213	0.4038	0.4014	0.4166	0.0821	0.1573	0.1798	0.1359	0.0812	0.4739	0.4111	0.1673	0.4269	0.271	0.3292	0.4012	0.0844	0.1948	0.177	0.2139	0.0842	0.3375	0.3937	0.1552	0.4145
58	9.82	589		0.689	0.5956	0.5558	0.0835	0.8049	0.7896	0.634	0.0922	0.575	0.6041	0.5733	0.7139	0.6448	0.5196	0.5175	0.083	0.7109	0.7136	0.5194	0.0807	0.516	0.5433	0.6014	0.4659	0.6149	0.5197	0.5184	0.0815	0.7798	0.7828	0.5557	0.0853	0.5285	0.5422	0.5573	0.427	0.6087	0.4998	0.5193	0.0831	0.7373	0.7398	0.5718	0.0827	0.5015	0.5236	0.54	0.4491	0.51	0.4652	0.469	0.083	0.2012	0.328	0.5204	0.0814	0.4984	0.5092	0.5257	0.3882	0.4987	0.4379	0.4526	0.0819	0.1728	0.1521	0.4934	0.0857	0.4579	0.4396	0.5007	0.4166	0.4015	0.4018	0.4155	0.0807	0.156	0.1793	0.1341	0.08	0.4748	0.4096	0.1653	0.4248	0.2702	0.3285	0.3954	0.0833	0.1947	0.1764	0.2119	0.0829	0.3372	0.3924	0.1536	0.407
59	9.99	599.3333333		0.6764	0.5998	0.5594	0.0834	0.8035	0.7937	0.6348	0.0924	0.5696	0.6029	0.5732	0.7191	0.6459	0.5185	0.5164	0.0829	0.7108	0.7122	0.5188	0.0807	0.5142	0.5424	0.6007	0.4681	0.6092	0.5191	0.5174	0.0814	0.7799	0.7829	0.5531	0.0853	0.5271	0.5403	0.5661	0.425	0.6008	0.5003	0.5173	0.0832	0.7391	0.7407	0.5708	0.0826	0.5004	0.5228	0.5393	0.4453	0.5092	0.4659	0.4689	0.083	0.2018	0.3302	0.5182	0.0815	0.4987	0.5084	0.5239	0.3874	0.5015	0.4394	0.4537	0.0822	0.1724	0.1517	0.4935	0.0859	0.4594	0.4419	0.5016	0.4141	0.4045	0.4022	0.4156	0.0809	0.1557	0.1781	0.1341	0.0803	0.4756	0.4093	0.1645	0.425	0.2722	0.3298	0.4007	0.0832	0.1949	0.1764	0.2122	0.083	0.3366	0.3941	0.153	0.4158
60	10.16	609.6666667		0.6747	0.6066	0.56	0.0848	0.8066	0.7967	0.6331	0.0935	0.5751	0.6053	0.5746	0.7219	0.657	0.5194	0.5165	0.0841	0.7101	0.7125	0.5213	0.0819	0.5153	0.5409	0.5963	0.4769	0.6099	0.5212	0.5175	0.0827	0.7806	0.7833	0.553	0.0867	0.5274	0.5403	0.5653	0.4275	0.5983	0.5018	0.5175	0.0844	0.7401	0.7408	0.5711	0.0839	0.5016	0.5249	0.5413	0.4447	0.5148	0.4677	0.4703	0.0845	0.2035	0.332	0.5207	0.0828	0.5005	0.5125	0.5241	0.3858	0.5069	0.4421	0.4549	0.0834	0.174	0.1532	0.495	0.0871	0.4619	0.4417	0.5027	0.4132	0.4063	0.4041	0.415	0.0821	0.1565	0.1795	0.1352	0.0814	0.4781	0.4117	0.1657	0.4272	0.2712	0.329	0.4025	0.0846	0.1958	0.1769	0.2135	0.0841	0.3384	0.3957	0.1538	0.4111
61	10.33	620		0.6759	0.6011	0.5559	0.0849	0.8016	0.7928	0.6327	0.0936	0.576	0.6046	0.5773	0.7206	0.6578	0.5188	0.5149	0.0843	0.7091	0.7117	0.5189	0.0818	0.5116	0.5397	0.5925	0.4849	0.6103	0.5239	0.5157	0.0829	0.7804	0.7826	0.5516	0.0866	0.5253	0.5384	0.5692	0.4301	0.5925	0.5019	0.5159	0.0845	0.7406	0.7403	0.5702	0.0839	0.4994	0.5271	0.5443	0.4443	0.5175	0.4662	0.4704	0.0845	0.2032	0.3325	0.52	0.0829	0.5015	0.5126	0.5229	0.3836	0.505	0.4439	0.4551	0.0835	0.1734	0.1535	0.4954	0.0872	0.4599	0.4451	0.5037	0.4105	0.407	0.4048	0.4163	0.082	0.1558	0.1792	0.1349	0.0813	0.4788	0.4116	0.1652	0.4276	0.2711	0.3314	0.402	0.0843	0.1954	0.1766	0.2128	0.0843	0.3389	0.395	0.1537	0.4186
62	10.51	630.3333333		0.682	0.6105	0.558	0.0848	0.8022	0.797	0.6361	0.0939	0.5697	0.6067	0.5778	0.7265	0.667	0.5191	0.5144	0.0843	0.7086	0.7094	0.5186	0.0821	0.5124	0.5389	0.5854	0.4901	0.6144	0.5193	0.5148	0.0828	0.7814	0.7824	0.55	0.0867	0.5246	0.536	0.5732	0.4304	0.6158	0.5005	0.5149	0.0844	0.7407	0.7396	0.5695	0.0842	0.4988	0.528	0.5483	0.4405	0.5197	0.4649	0.471	0.0844	0.2033	0.3337	0.5219	0.083	0.5014	0.5114	0.5215	0.3807	0.5056	0.4417	0.4553	0.0834	0.1732	0.153	0.4948	0.0871	0.4614	0.4465	0.5033	0.4077	0.4079	0.407	0.4155	0.0821	0.1555	0.1786	0.1348	0.0813	0.4791	0.4115	0.1647	0.4275	0.2719	0.3311	0.4046	0.0843	0.1965	0.177	0.212	0.0842	0.339	0.3959	0.1531	0.4187
63	10.68	640.6666667		0.6921	0.611	0.5498	0.0855	0.8054	0.7981	0.6355	0.0936	0.5716	0.6014	0.5827	0.7216	0.6642	0.5193	0.5133	0.0844	0.7083	0.7094	0.5185	0.0819	0.5096	0.539	0.5768	0.4971	0.622	0.5221	0.5129	0.0829	0.7809	0.7812	0.5489	0.0866	0.522	0.5366	0.5751	0.433	0.6355	0.5002	0.5141	0.0845	0.7393	0.7377	0.5684	0.084	0.4993	0.5315	0.5545	0.4393	0.5242	0.4648	0.4714	0.0844	0.2035	0.3343	0.5216	0.0828	0.5012	0.5106	0.5209	0.3798	0.5043	0.4452	0.4559	0.0836	0.1729	0.1529	0.4953	0.0871	0.4626	0.4467	0.5036	0.4045	0.408	0.4054	0.4146	0.082	0.1549	0.1783	0.1347	0.0814	0.4796	0.4115	0.1642	0.4277	0.2729	0.3304	0.4023	0.0842	0.1965	0.1766	0.212	0.0843	0.3394	0.397	0.1529	0.4152
64	10.85	651		0.6904	0.6197	0.5518	0.0841	0.8051	0.7966	0.63	0.093	0.5699	0.6018	0.5848	0.723	0.6631	0.5196	0.5112	0.0832	0.7058	0.7081	0.5174	0.0809	0.5079	0.5378	0.5692	0.5015	0.6217	0.5186	0.5109	0.0815	0.7798	0.7818	0.546	0.0854	0.5203	0.5328	0.5761	0.432	0.644	0.4979	0.5119	0.0831	0.7378	0.7369	0.5667	0.0827	0.4971	0.5305	0.5605	0.4369	0.5257	0.4633	0.4694	0.083	0.202	0.3333	0.5207	0.0815	0.4997	0.5111	0.5179	0.3766	0.5047	0.4447	0.4555	0.0822	0.171	0.1516	0.4942	0.0858	0.4621	0.4459	0.5024	0.4002	0.405	0.4051	0.4143	0.0809	0.1533	0.1767	0.133	0.0802	0.4803	0.4101	0.1624	0.4263	0.2718	0.328	0.4034	0.0833	0.1942	0.1757	0.2108	0.083	0.3382	0.3964	0.1516	0.4159
65	11.02	661.3333333		0.6878	0.6148	0.5488	0.0837	0.8065	0.803	0.6322	0.0927	0.5661	0.6002	0.5908	0.7189	0.6557	0.5168	0.5097	0.0832	0.7069	0.7077	0.5159	0.0808	0.5048	0.5372	0.565	0.5114	0.622	0.5191	0.5094	0.0816	0.7801	0.7807	0.5463	0.0853	0.5188	0.5317	0.5765	0.4384	0.646	0.4964	0.5108	0.0833	0.7365	0.7364	0.5664	0.0826	0.4959	0.5299	0.5689	0.4373	0.5278	0.4636	0.4702	0.0832	0.2019	0.333	0.5199	0.0815	0.5025	0.5125	0.5171	0.3736	0.5047	0.4468	0.4567	0.0822	0.1704	0.1515	0.4948	0.0857	0.462	0.4465	0.5024	0.3963	0.4041	0.4056	0.4145	0.0809	0.1528	0.1764	0.1331	0.0801	0.4805	0.4106	0.1618	0.4269	0.2709	0.3286	0.4034	0.0833	0.1954	0.1748	0.2104	0.083	0.3392	0.3963	0.1509	0.417
66	11.19	671.6666667		0.6842	0.6162	0.5478	0.085	0.8069	0.7986	0.6355	0.0942	0.5706	0.6022	0.5932	0.7234	0.6623	0.5203	0.5092	0.0842	0.7085	0.709	0.5175	0.0819	0.5055	0.5374	0.5604	0.517	0.6231	0.5214	0.5091	0.0828	0.7813	0.782	0.5456	0.0866	0.5194	0.5322	0.5756	0.4416	0.6494	0.4972	0.5112	0.0843	0.7395	0.7373	0.5669	0.0841	0.4969	0.5311	0.5792	0.4371	0.534	0.4659	0.4712	0.0844	0.2028	0.3352	0.5216	0.0829	0.5047	0.5141	0.5167	0.3735	0.5067	0.4475	0.4591	0.0834	0.1713	0.1526	0.4958	0.0871	0.4642	0.4503	0.5049	0.3945	0.4068	0.4086	0.4158	0.082	0.1538	0.177	0.134	0.0815	0.483	0.4117	0.1629	0.4286	0.2704	0.3293	0.4027	0.0844	0.1964	0.1761	0.2112	0.084	0.3408	0.398	0.1516	0.4172
67	11.37	682		0.684	0.6191	0.5495	0.0851	0.8062	0.7985	0.6345	0.0942	0.5672	0.6041	0.6037	0.7204	0.6686	0.5217	0.5084	0.0844	0.7088	0.7085	0.5167	0.082	0.5053	0.537	0.5556	0.5216	0.62	0.5228	0.5077	0.0829	0.7814	0.7827	0.5444	0.0866	0.5172	0.5306	0.5706	0.4427	0.6505	0.4961	0.5108	0.0845	0.7399	0.7372	0.5664	0.0842	0.4962	0.5281	0.5869	0.435	0.5369	0.4664	0.4717	0.0846	0.2021	0.3371	0.5214	0.0831	0.5058	0.5144	0.5158	0.3705	0.5094	0.4496	0.4605	0.0836	0.171	0.1526	0.4966	0.0875	0.4649	0.4513	0.5044	0.3928	0.408	0.4078	0.4175	0.082	0.1535	0.1771	0.1339	0.0815	0.4841	0.4125	0.1622	0.4292	0.2729	0.3321	0.4031	0.0843	0.1963	0.1766	0.2106	0.0842	0.3428	0.4007	0.1511	0.4207
68	11.54	692.3333333		0.6899	0.6218	0.5453	0.0833	0.8044	0.797	0.6363	0.0929	0.57	0.6004	0.6074	0.7167	0.6661	0.521	0.5071	0.0831	0.7081	0.7085	0.5154	0.081	0.5034	0.5362	0.5505	0.5327	0.6232	0.5207	0.5053	0.0815	0.7794	0.7795	0.5433	0.0854	0.516	0.5294	0.568	0.4492	0.6504	0.4934	0.5078	0.0831	0.7392	0.735	0.5644	0.0828	0.494	0.5266	0.5935	0.4377	0.5378	0.4657	0.4705	0.083	0.2006	0.3348	0.5205	0.0817	0.5048	0.5126	0.5135	0.3664	0.5126	0.4501	0.4605	0.0821	0.1698	0.1515	0.4951	0.0858	0.4625	0.4504	0.5038	0.389	0.4081	0.4072	0.4144	0.0808	0.1519	0.1753	0.1326	0.08	0.4839	0.4116	0.1603	0.4283	0.2722	0.3296	0.4068	0.0832	0.195	0.1752	0.2098	0.083	0.3414	0.3981	0.1498	0.4201
69	11.71	702.6666667		0.6919	0.6217	0.5466	0.0843	0.8039	0.7949	0.6389	0.0946	0.5592	0.601	0.6108	0.7201	0.6726	0.5218	0.5069	0.0843	0.7092	0.7093	0.5154	0.082	0.503	0.5367	0.5489	0.537	0.6253	0.521	0.5056	0.083	0.7814	0.7817	0.5429	0.0868	0.515	0.5306	0.567	0.4515	0.6557	0.4943	0.5088	0.0846	0.7413	0.7375	0.5657	0.0839	0.4964	0.5268	0.6013	0.4364	0.5432	0.4658	0.4733	0.0846	0.2011	0.3376	0.5218	0.083	0.5069	0.512	0.5136	0.3676	0.5144	0.4526	0.4617	0.0837	0.1705	0.1523	0.4969	0.0875	0.464	0.4532	0.5059	0.3879	0.4106	0.4087	0.416	0.0821	0.1531	0.1764	0.1337	0.0815	0.486	0.4123	0.1615	0.4303	0.2731	0.3307	0.4076	0.0844	0.196	0.1767	0.2103	0.084	0.3427	0.3995	0.1502	0.4217
70	11.88	713		0.6865	0.626	0.5449	0.0833	0.8038	0.7876	0.6344	0.093	0.5622	0.6016	0.6127	0.7217	0.6733	0.5216	0.5055	0.083	0.7076	0.7067	0.5149	0.0809	0.5014	0.5317	0.5478	0.546	0.627	0.5248	0.5028	0.0815	0.7797	0.7808	0.5402	0.0854	0.5126	0.5276	0.5654	0.4589	0.6565	0.4925	0.5067	0.0832	0.7398	0.7353	0.5639	0.0828	0.4951	0.5253	0.6054	0.441	0.5459	0.4648	0.4725	0.0831	0.1998	0.3355	0.521	0.0815	0.5058	0.5125	0.511	0.3632	0.5133	0.4528	0.4607	0.0821	0.1688	0.151	0.4957	0.0858	0.4623	0.4527	0.5051	0.3856	0.4075	0.4091	0.4155	0.0809	0.1514	0.1751	0.1325	0.0802	0.4845	0.4125	0.1597	0.4303	0.2743	0.3297	0.4077	0.0833	0.1952	0.1751	0.2089	0.083	0.344	0.3989	0.1488	0.4217
71	12.06	723.3333333		0.6808	0.6321	0.5431	0.0845	0.8075	0.7933	0.6412	0.0946	0.562	0.6024	0.6184	0.7211	0.6756	0.5236	0.5047	0.0842	0.7071	0.7086	0.5159	0.082	0.5019	0.5332	0.5441	0.5485	0.6283	0.5279	0.5032	0.0828	0.7818	0.7822	0.5415	0.0868	0.5125	0.5293	0.5575	0.4606	0.6589	0.4946	0.5069	0.0844	0.7415	0.7367	0.565	0.0839	0.497	0.5262	0.6103	0.441	0.553	0.4677	0.474	0.0844	0.2007	0.3381	0.5226	0.083	0.5071	0.5143	0.5103	0.3628	0.5145	0.4553	0.4619	0.0835	0.1698	0.1523	0.4977	0.0873	0.4652	0.4551	0.5068	0.3846	0.4114	0.41	0.4159	0.0819	0.1521	0.1753	0.1334	0.0813	0.4866	0.4144	0.1603	0.4317	0.2748	0.3324	0.4116	0.0841	0.1966	0.1762	0.2105	0.084	0.3461	0.4016	0.1492	0.4242
72	12.23	733.6666667		0.6849	0.6372	0.5441	0.0846	0.808	0.7932	0.6398	0.0945	0.5643	0.6027	0.6204	0.7207	0.6812	0.5236	0.5038	0.0842	0.708	0.708	0.5162	0.082	0.4999	0.5307	0.5444	0.5577	0.628	0.5309	0.5019	0.083	0.7824	0.7816	0.5472	0.0868	0.5119	0.528	0.5451	0.4699	0.6608	0.4929	0.5064	0.0845	0.7411	0.7358	0.5645	0.0841	0.4977	0.5251	0.6129	0.4448	0.5555	0.467	0.4746	0.0845	0.2011	0.3391	0.5228	0.0829	0.5106	0.5139	0.509	0.3602	0.5151	0.4562	0.4609	0.0835	0.1697	0.1521	0.4976	0.0871	0.4653	0.4568	0.507	0.3829	0.4124	0.4106	0.416	0.0821	0.1515	0.175	0.1333	0.0813	0.4874	0.4135	0.1601	0.4312	0.2751	0.3323	0.4121	0.0843	0.1964	0.1761	0.2099	0.0839	0.3463	0.4022	0.149	0.4254
73	12.4	744		0.6875	0.6343	0.5422	0.0847	0.811	0.7932	0.6404	0.0945	0.5671	0.5983	0.6232	0.7234	0.687	0.5238	0.5033	0.0844	0.7079	0.7077	0.5172	0.082	0.4988	0.5269	0.5408	0.5599	0.6188	0.5332	0.501	0.083	0.7833	0.7828	0.5454	0.0867	0.5108	0.5261	0.5362	0.4717	0.6612	0.4919	0.5062	0.0847	0.7392	0.7359	0.5646	0.084	0.4992	0.5229	0.6146	0.4458	0.5598	0.4661	0.4751	0.0846	0.2023	0.3399	0.5226	0.083	0.5111	0.514	0.5083	0.3583	0.5167	0.4579	0.4611	0.0836	0.1693	0.1521	0.4977	0.0873	0.4699	0.4572	0.5073	0.3788	0.4109	0.4099	0.4172	0.0821	0.1514	0.1746	0.1332	0.0817	0.4878	0.4146	0.1593	0.4329	0.2749	0.3315	0.4134	0.0842	0.1965	0.1761	0.2094	0.0837	0.3482	0.4029	0.149	0.427
74	12.57	754.3333333		0.6859	0.6263	0.5424	0.0835	0.807	0.792	0.6416	0.0935	0.5641	0.5986	0.6253	0.722	0.6867	0.5227	0.5011	0.0832	0.7062	0.7046	0.5133	0.0809	0.4955	0.5318	0.5406	0.5704	0.6117	0.534	0.4984	0.0815	0.7813	0.7809	0.5321	0.0856	0.5093	0.5234	0.5299	0.4786	0.6578	0.4905	0.5063	0.0831	0.7369	0.7339	0.5632	0.0827	0.4979	0.5224	0.6124	0.4497	0.5611	0.465	0.4738	0.083	0.2009	0.3385	0.5215	0.0815	0.5083	0.513	0.506	0.3557	0.5174	0.4571	0.4593	0.0821	0.1676	0.1504	0.4968	0.086	0.4661	0.4564	0.5068	0.377	0.4091	0.4101	0.4134	0.081	0.1498	0.1726	0.1317	0.0805	0.4882	0.4148	0.1582	0.4324	0.2748	0.3317	0.4119	0.0833	0.1956	0.1755	0.208	0.0828	0.348	0.4032	0.1473	0.4262
75	12.74	764.6666667		0.6866	0.638	0.5416	0.0848	0.8138	0.7952	0.6432	0.0944	0.5611	0.599	0.6306	0.7292	0.6884	0.5259	0.5015	0.0844	0.7063	0.7042	0.5153	0.082	0.4945	0.5313	0.5449	0.5767	0.6172	0.5381	0.4995	0.0831	0.7826	0.7823	0.5343	0.0867	0.5093	0.5234	0.526	0.4872	0.6627	0.4907	0.5074	0.0847	0.7374	0.7345	0.5639	0.0839	0.4999	0.5236	0.6117	0.4567	0.566	0.4655	0.476	0.0846	0.2036	0.3398	0.5253	0.0829	0.5106	0.513	0.506	0.3553	0.5206	0.4598	0.4608	0.0836	0.1687	0.1518	0.4984	0.087	0.4749	0.4586	0.5085	0.3763	0.4101	0.4117	0.4153	0.0821	0.1504	0.1732	0.133	0.0814	0.4884	0.416	0.1589	0.4335	0.2767	0.3326	0.4145	0.0845	0.1964	0.176	0.2091	0.0842	0.3497	0.4051	0.1483	0.4286
76	12.92	775		0.6904	0.6309	0.5401	0.0844	0.8108	0.7936	0.6436	0.0948	0.5634	0.5984	0.6325	0.725	0.684	0.5277	0.5002	0.0845	0.708	0.7054	0.5162	0.0822	0.4944	0.5319	0.5415	0.5796	0.6064	0.5396	0.4974	0.083	0.7831	0.7829	0.5421	0.0869	0.5108	0.5219	0.5199	0.4891	0.668	0.4917	0.508	0.0845	0.7377	0.7335	0.5641	0.0841	0.5	0.5229	0.6069	0.457	0.5726	0.4647	0.4769	0.0843	0.205	0.34	0.5247	0.0829	0.5096	0.5132	0.5041	0.3525	0.5223	0.4604	0.4631	0.0835	0.1683	0.1519	0.4987	0.0872	0.4694	0.4594	0.5089	0.3748	0.4093	0.4132	0.4147	0.0822	0.1506	0.1733	0.1329	0.0815	0.4897	0.4169	0.1586	0.435	0.277	0.334	0.4136	0.0846	0.1961	0.1767	0.2091	0.0839	0.3509	0.4063	0.1476	0.4282
77	13.09	785.3333333		0.6865	0.6291	0.5355	0.0842	0.8079	0.7973	0.6452	0.0949	0.566	0.5961	0.6347	0.7286	0.6776	0.5264	0.4995	0.0844	0.7069	0.7046	0.5155	0.0821	0.4926	0.5339	0.5389	0.58	0.6126	0.5441	0.4983	0.083	0.7842	0.783	0.5424	0.0868	0.508	0.5216	0.514	0.4896	0.6575	0.4919	0.508	0.0845	0.7373	0.7329	0.5636	0.0841	0.5016	0.5225	0.5967	0.4579	0.5755	0.4649	0.4767	0.0845	0.2067	0.341	0.5229	0.0828	0.5099	0.5128	0.5037	0.3504	0.5249	0.4617	0.4625	0.0837	0.1682	0.1517	0.4995	0.0875	0.4701	0.4599	0.51	0.3724	0.4102	0.4111	0.4142	0.0822	0.1502	0.1726	0.1326	0.0816	0.4898	0.4168	0.1582	0.4358	0.2774	0.3348	0.4139	0.0844	0.196	0.1764	0.2083	0.0839	0.3522	0.4053	0.1473	0.4309
78	13.26	795.6666667		0.6828	0.6304	0.5347	0.0831	0.8068	0.7943	0.6473	0.0936	0.56	0.5954	0.6351	0.7251	0.6772	0.5263	0.4976	0.0831	0.7047	0.7031	0.5139	0.0809	0.4911	0.5344	0.5392	0.586	0.6127	0.5474	0.4964	0.0815	0.7829	0.7818	0.5465	0.0854	0.5067	0.5214	0.5081	0.4968	0.6593	0.4904	0.5071	0.0833	0.7355	0.731	0.5613	0.0827	0.5003	0.5217	0.5841	0.4627	0.5781	0.463	0.4735	0.0831	0.2073	0.3396	0.521	0.0816	0.5107	0.5118	0.5015	0.3486	0.5245	0.4619	0.4598	0.0824	0.1663	0.1503	0.498	0.0859	0.4704	0.4585	0.5094	0.3709	0.4105	0.4114	0.4132	0.081	0.1487	0.171	0.1315	0.0804	0.4884	0.4164	0.1563	0.4349	0.2767	0.3341	0.4146	0.0832	0.1944	0.1752	0.2068	0.0828	0.352	0.4058	0.1456	0.4313
79	13.43	806		0.6856	0.6347	0.5358	0.0846	0.8097	0.7979	0.6466	0.0951	0.5607	0.5932	0.6357	0.7331	0.6867	0.5305	0.4984	0.0845	0.7046	0.7047	0.5153	0.0821	0.4893	0.5363	0.5377	0.5866	0.6131	0.5512	0.4974	0.083	0.7844	0.7832	0.5493	0.0868	0.5083	0.5242	0.5033	0.4989	0.6587	0.4923	0.5091	0.0845	0.7366	0.7326	0.5635	0.084	0.5017	0.523	0.5749	0.4637	0.5829	0.4635	0.4749	0.0846	0.2108	0.3403	0.5225	0.083	0.5137	0.5121	0.5014	0.3469	0.5278	0.4638	0.4578	0.0838	0.167	0.1517	0.4998	0.0875	0.4728	0.4601	0.512	0.3696	0.4123	0.4122	0.4151	0.0821	0.1495	0.1722	0.1322	0.0814	0.4909	0.4181	0.1572	0.4369	0.2782	0.3344	0.4168	0.0843	0.1955	0.1771	0.2081	0.084	0.3543	0.4074	0.1461	0.4342
80	13.61	816.3333333		0.6796	0.6349	0.5369	0.0846	0.8105	0.7952	0.6495	0.0953	0.5652	0.5897	0.6387	0.7332	0.6881	0.5309	0.497	0.0844	0.7045	0.7041	0.5174	0.0824	0.4912	0.5374	0.5394	0.5938	0.6174	0.554	0.4971	0.083	0.7847	0.7832	0.5475	0.0869	0.5068	0.5235	0.5001	0.5067	0.6596	0.4926	0.5108	0.0846	0.7355	0.7318	0.5628	0.0842	0.504	0.5224	0.5671	0.4687	0.5864	0.4639	0.4744	0.0844	0.2132	0.3391	0.5231	0.0829	0.5145	0.5118	0.5009	0.3456	0.5276	0.4644	0.4597	0.0836	0.1665	0.1517	0.5002	0.0873	0.4724	0.4602	0.5123	0.3691	0.4121	0.4122	0.4143	0.0822	0.149	0.1721	0.1321	0.0817	0.4913	0.4185	0.1571	0.4376	0.2793	0.3358	0.4179	0.0844	0.1956	0.1765	0.2075	0.084	0.3564	0.4095	0.146	0.4378
81	13.78	826.6666667		0.6794	0.6331	0.535	0.0849	0.8064	0.7951	0.6514	0.0949	0.5561	0.5861	0.643	0.7354	0.684	0.5306	0.4954	0.0845	0.7036	0.703	0.5181	0.082	0.49	0.5396	0.5412	0.5975	0.6181	0.5573	0.4952	0.083	0.7833	0.7824	0.5465	0.0868	0.5068	0.525	0.4968	0.5143	0.6602	0.4931	0.5106	0.0847	0.7346	0.7305	0.5589	0.0841	0.5026	0.5228	0.5602	0.4749	0.5889	0.4641	0.4735	0.0845	0.2134	0.3376	0.5229	0.0829	0.514	0.5114	0.5001	0.3443	0.5295	0.4654	0.4603	0.0838	0.1663	0.1515	0.501	0.0873	0.4731	0.46	0.5125	0.3683	0.4129	0.4124	0.4142	0.0822	0.1488	0.1716	0.1318	0.0815	0.491	0.4191	0.1566	0.438	0.2803	0.336	0.4178	0.0843	0.1952	0.1758	0.207	0.0842	0.3552	0.4105	0.1456	0.4385
82	13.95	837		0.6824	0.6326	0.5367	0.0847	0.8087	0.794	0.6495	0.0953	0.5613	0.5876	0.6424	0.7311	0.6831	0.5334	0.4949	0.0843	0.7043	0.7046	0.5178	0.0822	0.4913	0.5409	0.5362	0.5995	0.6181	0.5579	0.4952	0.0829	0.7855	0.7837	0.5471	0.0869	0.5074	0.5271	0.4913	0.5162	0.6596	0.493	0.5102	0.0844	0.7348	0.7321	0.5587	0.084	0.5064	0.5215	0.5515	0.4768	0.5895	0.4636	0.474	0.0846	0.2151	0.336	0.5244	0.083	0.5121	0.5109	0.4993	0.3421	0.5305	0.4657	0.4614	0.0836	0.166	0.1518	0.5004	0.0871	0.4723	0.4606	0.5133	0.3662	0.4115	0.4118	0.4147	0.0821	0.1486	0.1713	0.132	0.0816	0.4918	0.4191	0.1561	0.4386	0.2804	0.3377	0.4184	0.0844	0.1949	0.1767	0.2078	0.0842	0.3577	0.4104	0.1457	0.4366
83	14.12	847.3333333		0.6798	0.6332	0.5364	0.0832	0.8056	0.7949	0.6517	0.0901	0.5593	0.5842	0.6456	0.7303	0.6816	0.5361	0.492	0.0834	0.7032	0.7031	0.5162	0.0807	0.4923	0.5417	0.5373	0.6023	0.6192	0.5574	0.4933	0.0817	0.7823	0.7813	0.5456	0.0854	0.5066	0.526	0.4868	0.522	0.6579	0.494	0.508	0.0833	0.7337	0.7292	0.5546	0.0826	0.503	0.5211	0.5427	0.482	0.59	0.4634	0.4728	0.0833	0.2147	0.3327	0.523	0.0817	0.5125	0.5103	0.4976	0.3396	0.5307	0.4659	0.4625	0.0824	0.1646	0.1505	0.4997	0.0859	0.473	0.4595	0.5132	0.3646	0.4104	0.4099	0.4135	0.0809	0.1468	0.17	0.1308	0.0799	0.4907	0.4193	0.1545	0.4379	0.28	0.336	0.4178	0.0834	0.1938	0.1756	0.2057	0.0834	0.3581	0.4109	0.1443	0.4388
84	14.29	857.6666667		0.6775	0.6365	0.5369	0.0843	0.8102	0.7973	0.6564	0.0912	0.5644	0.5837	0.6479	0.7417	0.6829	0.5357	0.4939	0.0843	0.7052	0.7073	0.5175	0.0817	0.4891	0.5438	0.5343	0.6057	0.622	0.5598	0.4932	0.083	0.7846	0.7831	0.546	0.0869	0.5084	0.5273	0.4832	0.5277	0.6641	0.4959	0.5094	0.0845	0.7351	0.7313	0.5553	0.0842	0.5035	0.5223	0.5347	0.4861	0.5935	0.4636	0.4753	0.0844	0.2157	0.332	0.5241	0.0829	0.5153	0.5106	0.4979	0.3389	0.5342	0.4681	0.4601	0.0838	0.1658	0.1516	0.5008	0.0873	0.4756	0.4609	0.5156	0.3659	0.411	0.4117	0.415	0.0821	0.1479	0.1712	0.1318	0.081	0.4928	0.4209	0.1555	0.4398	0.2814	0.3379	0.4199	0.0843	0.1947	0.177	0.2068	0.0841	0.3608	0.4137	0.145	0.4408
85	14.47	868		0.6861	0.6321	0.5398	0.0845	0.8123	0.7944	0.6544	0.0911	0.5693	0.5829	0.6493	0.7396	0.688	0.5376	0.4923	0.0844	0.7064	0.7063	0.5194	0.0817	0.4897	0.5462	0.53	0.6054	0.6225	0.5625	0.4946	0.0831	0.7854	0.7838	0.5482	0.0869	0.5077	0.5268	0.4794	0.5286	0.6619	0.497	0.5118	0.0847	0.736	0.7313	0.5571	0.0841	0.5025	0.523	0.5263	0.4872	0.5965	0.4641	0.4749	0.0847	0.219	0.3315	0.5246	0.083	0.5154	0.511	0.4972	0.338	0.5352	0.4689	0.4638	0.0837	0.1657	0.1517	0.5014	0.0875	0.476	0.4606	0.5158	0.3628	0.4096	0.4112	0.4158	0.0822	0.1477	0.1709	0.1319	0.081	0.4937	0.4213	0.1551	0.441	0.2815	0.3388	0.4175	0.0843	0.1955	0.1776	0.2063	0.084	0.3621	0.4124	0.1444	0.4419
86	14.64	878.3333333		0.6872	0.6255	0.5425	0.0843	0.811	0.7978	0.6561	0.0914	0.5578	0.5844	0.6515	0.7364	0.6956	0.5402	0.4922	0.0844	0.7043	0.7063	0.5185	0.0819	0.4905	0.548	0.5318	0.611	0.6231	0.5639	0.4931	0.083	0.7846	0.7829	0.5467	0.0869	0.5066	0.5285	0.4764	0.539	0.6602	0.4978	0.5078	0.0846	0.735	0.7307	0.5587	0.0841	0.5003	0.5234	0.5193	0.4956	0.5973	0.4639	0.4746	0.0845	0.2196	0.3298	0.5242	0.0829	0.5167	0.5106	0.4969	0.3372	0.537	0.4692	0.4632	0.0836	0.1654	0.1511	0.502	0.0872	0.4759	0.4612	0.5165	0.3617	0.4091	0.4104	0.4157	0.0822	0.1475	0.1703	0.1317	0.081	0.4938	0.4217	0.1551	0.4416	0.2817	0.3395	0.421	0.0844	0.1953	0.1771	0.2064	0.084	0.363	0.4143	0.1444	0.4418
87	14.81	888.6666667		0.6858	0.6275	0.5394	0.0846	0.8122	0.8008	0.6564	0.0917	0.564	0.5831	0.6527	0.7397	0.6918	0.5424	0.4909	0.0845	0.7048	0.7067	0.5213	0.0817	0.4876	0.5498	0.5277	0.6109	0.6252	0.566	0.494	0.0831	0.7853	0.7835	0.5477	0.0868	0.5068	0.5299	0.4717	0.5397	0.6601	0.4981	0.5099	0.0846	0.7362	0.7316	0.5589	0.084	0.502	0.5237	0.5115	0.4966	0.6005	0.4637	0.4738	0.0846	0.2226	0.3305	0.5241	0.0829	0.516	0.5105	0.4959	0.3348	0.5371	0.4703	0.4644	0.0836	0.1652	0.151	0.5021	0.0875	0.4762	0.4613	0.5174	0.3597	0.4086	0.4111	0.4157	0.0823	0.1472	0.1705	0.1316	0.0811	0.4941	0.4217	0.1547	0.4432	0.2825	0.339	0.4229	0.0842	0.1952	0.1771	0.2058	0.0839	0.3651	0.4156	0.144	0.4436
88	14.98	899		0.6901	0.6229	0.5399	0.0845	0.8116	0.7996	0.6589	0.0914	0.5624	0.5844	0.6542	0.7311	0.6917	0.5449	0.4902	0.0845	0.7056	0.7064	0.5166	0.0818	0.4882	0.5528	0.5296	0.618	0.6259	0.5675	0.494	0.083	0.7844	0.7834	0.5481	0.0869	0.5073	0.5309	0.4695	0.5502	0.6602	0.4986	0.5106	0.0845	0.7341	0.73	0.5611	0.0841	0.5063	0.5252	0.5057	0.5068	0.6039	0.4645	0.4748	0.0843	0.2213	0.3297	0.5245	0.0829	0.5175	0.5098	0.4958	0.3338	0.541	0.4705	0.4647	0.0837	0.1652	0.1512	0.5029	0.0873	0.4772	0.4605	0.5183	0.3599	0.4097	0.4108	0.4161	0.0823	0.1468	0.1701	0.1312	0.081	0.4944	0.4228	0.1541	0.4435	0.2835	0.3393	0.4223	0.0844	0.1952	0.1773	0.2057	0.0838	0.3654	0.4158	0.1442	0.4444
89	15.16	909.3333333		0.6929	0.628	0.5396	0.0848	0.813	0.8013	0.6597	0.092	0.5652	0.5847	0.6567	0.7409	0.6948	0.5446	0.4889	0.0845	0.7059	0.7124	0.5252	0.0818	0.4865	0.5582	0.5256	0.6189	0.6267	0.5683	0.4923	0.0831	0.7851	0.7846	0.5489	0.087	0.5086	0.533	0.466	0.5504	0.6589	0.5003	0.5086	0.0847	0.7358	0.7314	0.5618	0.0842	0.5061	0.5264	0.4991	0.5082	0.6071	0.4655	0.4739	0.0846	0.2247	0.3288	0.5253	0.0831	0.5162	0.509	0.4956	0.3328	0.5419	0.4713	0.465	0.0837	0.1649	0.1509	0.5028	0.0875	0.4779	0.4607	0.5189	0.3583	0.4098	0.4101	0.4164	0.0822	0.1467	0.17	0.1314	0.0812	0.4952	0.423	0.154	0.4443	0.2833	0.34	0.4227	0.0845	0.1953	0.1776	0.2057	0.0841	0.3677	0.4163	0.1436	0.4463
90	15.33	919.6666667		0.6908	0.6262	0.539	0.0848	0.814	0.8052	0.6611	0.0921	0.5651	0.5879	0.6613	0.7375	0.696	0.5452	0.4876	0.0845	0.706	0.7089	0.5217	0.082	0.4849	0.5573	0.5273	0.625	0.6259	0.571	0.4942	0.0831	0.7853	0.7831	0.5497	0.0871	0.5089	0.535	0.4635	0.5583	0.6596	0.4996	0.5082	0.0846	0.7348	0.7309	0.5612	0.0842	0.5078	0.5285	0.494	0.5184	0.6096	0.465	0.4749	0.0845	0.2242	0.3282	0.5259	0.0831	0.5162	0.5084	0.4951	0.3318	0.5437	0.4721	0.4652	0.0838	0.1648	0.1509	0.5028	0.0874	0.4783	0.4605	0.5202	0.3589	0.4086	0.4107	0.4156	0.0823	0.1461	0.1698	0.1312	0.0813	0.4955	0.4242	0.1536	0.4438	0.2839	0.3405	0.4231	0.0845	0.1948	0.1776	0.2056	0.084	0.3689	0.4164	0.1435	0.445
91	15.5	930		0.6957	0.6187	0.543	0.0849	0.8157	0.8052	0.6637	0.0922	0.5646	0.5901	0.6655	0.7456	0.6958	0.5462	0.4876	0.0846	0.7084	0.7112	0.5139	0.0817	0.4838	0.5598	0.5237	0.6255	0.6289	0.5716	0.4945	0.083	0.7852	0.7836	0.5499	0.0868	0.5088	0.5362	0.4594	0.5584	0.66	0.5	0.5093	0.0846	0.7355	0.7309	0.562	0.0842	0.5067	0.5302	0.4874	0.5196	0.6112	0.4661	0.4774	0.0845	0.2266	0.328	0.527	0.083	0.5167	0.5088	0.4944	0.3311	0.5444	0.4728	0.4654	0.0837	0.1649	0.1509	0.5032	0.0875	0.4786	0.4605	0.5215	0.3569	0.4086	0.4098	0.4161	0.0823	0.1458	0.1696	0.131	0.081	0.4952	0.4243	0.1533	0.4454	0.2838	0.3413	0.424	0.0845	0.1954	0.1778	0.2058	0.0842	0.3698	0.4176	0.1431	0.4475
92	15.67	940.3333333		0.6902	0.6116	0.542	0.0848	0.8155	0.8009	0.6592	0.0921	0.5644	0.5915	0.6732	0.7354	0.6964	0.5474	0.4861	0.0842	0.7079	0.7106	0.5149	0.0818	0.4846	0.5618	0.5251	0.631	0.6264	0.5735	0.4937	0.0829	0.7849	0.7832	0.551	0.0869	0.5108	0.5384	0.4576	0.5656	0.6611	0.5011	0.508	0.0844	0.7345	0.7304	0.5648	0.0841	0.5061	0.5323	0.4831	0.5289	0.6123	0.4666	0.4769	0.0844	0.2286	0.3263	0.5277	0.083	0.5171	0.5079	0.4946	0.3303	0.5452	0.4735	0.4658	0.0836	0.1648	0.1505	0.5035	0.0873	0.4784	0.46	0.5223	0.357	0.4083	0.4108	0.4158	0.0821	0.1456	0.1695	0.131	0.081	0.4957	0.4244	0.1535	0.4461	0.2834	0.3416	0.4227	0.0842	0.1952	0.1771	0.2053	0.0839	0.3705	0.4196	0.1426	0.4493
93	15.84	950.6666667		0.6911	0.6082	0.5395	0.0839	0.8131	0.7991	0.6605	0.0906	0.5651	0.5931	0.6776	0.73	0.6912	0.5478	0.4847	0.0833	0.7068	0.7093	0.5116	0.0807	0.4834	0.5606	0.527	0.6344	0.6285	0.573	0.4913	0.0817	0.7833	0.7818	0.5475	0.0855	0.5082	0.5383	0.4558	0.5698	0.6625	0.4997	0.5058	0.0833	0.7321	0.7281	0.5615	0.0826	0.5067	0.5327	0.4783	0.5367	0.6106	0.4672	0.476	0.0831	0.2306	0.3245	0.5267	0.0816	0.5163	0.5065	0.4931	0.3278	0.5466	0.473	0.4655	0.0823	0.1636	0.1492	0.5025	0.0859	0.4779	0.4584	0.5216	0.3555	0.4068	0.4107	0.4135	0.0811	0.144	0.1681	0.1296	0.0798	0.4938	0.4234	0.1517	0.4456	0.2837	0.3411	0.4245	0.0834	0.1945	0.1757	0.2043	0.0832	0.371	0.4174	0.1418	0.4488
94	16.02	961		0.6925	0.6069	0.5396	0.0838	0.8134	0.8022	0.6591	0.0911	0.5662	0.5937	0.6774	0.7377	0.6839	0.551	0.4837	0.0832	0.7086	0.7139	0.5093	0.0806	0.4836	0.5617	0.523	0.6384	0.6285	0.5725	0.4915	0.0817	0.783	0.782	0.5482	0.0856	0.5081	0.5369	0.4531	0.5736	0.6638	0.5008	0.5039	0.0833	0.7327	0.7281	0.5618	0.0827	0.5046	0.534	0.4723	0.54	0.6128	0.4701	0.4771	0.0832	0.2341	0.3246	0.5271	0.0816	0.5159	0.5057	0.4929	0.3265	0.5489	0.4734	0.4652	0.0822	0.1635	0.1491	0.5029	0.086	0.4783	0.4582	0.5227	0.3541	0.406	0.4117	0.415	0.081	0.144	0.1678	0.1294	0.0798	0.4947	0.4247	0.1512	0.4457	0.2849	0.3404	0.4245	0.0835	0.1941	0.1765	0.2045	0.083	0.3715	0.4189	0.1419	0.4484
95	16.19	971.3333333		0.6982	0.6006	0.5419	0.0852	0.814	0.8008	0.6637	0.0917	0.5692	0.5972	0.6859	0.7417	0.6925	0.5563	0.4839	0.0845	0.7083	0.7116	0.5103	0.0818	0.4845	0.5655	0.5279	0.6441	0.6332	0.5757	0.4933	0.0831	0.7846	0.7824	0.5493	0.0869	0.5081	0.538	0.4542	0.579	0.6647	0.5025	0.5031	0.0845	0.733	0.7295	0.5664	0.0839	0.5076	0.5375	0.4702	0.5494	0.6151	0.4711	0.479	0.0846	0.2378	0.3234	0.529	0.0831	0.5171	0.5074	0.4947	0.3279	0.5511	0.4757	0.4681	0.0837	0.165	0.1504	0.5045	0.0873	0.4798	0.4601	0.5244	0.3561	0.408	0.4117	0.4147	0.0822	0.1446	0.1686	0.1306	0.0808	0.4964	0.4256	0.1524	0.4484	0.2855	0.3416	0.4252	0.0849	0.1953	0.1775	0.2049	0.0844	0.3742	0.4195	0.143	0.4523
96	16.36	981.6666667		0.6897	0.6001	0.5415	0.084	0.8145	0.7996	0.6605	0.0914	0.567	0.5952	0.6839	0.7437	0.6933	0.5447	0.4818	0.0832	0.7103	0.7119	0.5085	0.0807	0.4847	0.5631	0.5233	0.645	0.6341	0.5757	0.4917	0.0817	0.7838	0.7814	0.5488	0.0855	0.5064	0.5429	0.4509	0.5788	0.6631	0.5021	0.4999	0.0832	0.7325	0.7281	0.5654	0.0828	0.5063	0.5387	0.4644	0.5521	0.6143	0.4741	0.4765	0.083	0.2409	0.3202	0.5279	0.0815	0.516	0.5049	0.4927	0.3251	0.5511	0.4749	0.4666	0.0823	0.1635	0.1487	0.5032	0.0859	0.4786	0.4587	0.5246	0.3537	0.4053	0.4119	0.414	0.0811	0.1435	0.1673	0.1295	0.0799	0.4969	0.4248	0.1507	0.4474	0.2849	0.3414	0.4245	0.0837	0.1943	0.1775	0.2036	0.0829	0.3742	0.4203	0.1414	0.452
97	16.53	992		0.7018	0.6013	0.5424	0.0847	0.8174	0.8015	0.6632	0.0928	0.5714	0.5991	0.6881	0.7401	0.6979	0.5445	0.4833	0.0843	0.7136	0.7168	0.507	0.0818	0.4878	0.5652	0.5221	0.6477	0.6397	0.5791	0.4922	0.0831	0.7858	0.7834	0.5497	0.0869	0.5089	0.548	0.4515	0.5806	0.6675	0.5059	0.5026	0.0846	0.7347	0.7302	0.5671	0.0842	0.5074	0.5416	0.4618	0.5546	0.6166	0.4819	0.4777	0.0846	0.2474	0.3194	0.5298	0.0831	0.5177	0.5056	0.494	0.3254	0.5541	0.4776	0.4677	0.0838	0.1648	0.15	0.5047	0.0876	0.4805	0.4594	0.5272	0.3535	0.4057	0.413	0.4153	0.0822	0.1444	0.1683	0.1304	0.081	0.4984	0.4255	0.1516	0.4502	0.2855	0.3439	0.4253	0.085	0.1961	0.1792	0.2045	0.084	0.3772	0.4231	0.1423	0.4521
98	16.71	1002.333333		0.6949	0.5998	0.5408	0.083	0.8117	0.7999	0.6648	0.0914	0.5686	0.5996	0.6912	0.7422	0.6986	0.5443	0.4802	0.0833	0.7123	0.712	0.508	0.0807	0.4862	0.5661	0.5233	0.6547	0.6408	0.5763	0.49	0.0816	0.7837	0.7813	0.5489	0.0855	0.5053	0.5518	0.4491	0.5867	0.6666	0.5035	0.5023	0.0832	0.7312	0.7275	0.565	0.0828	0.5062	0.5412	0.4574	0.5637	0.6159	0.4849	0.4762	0.0832	0.25	0.3149	0.5295	0.0817	0.5165	0.5051	0.4926	0.3246	0.5534	0.4767	0.4676	0.0824	0.1633	0.1485	0.5035	0.086	0.4793	0.4582	0.5267	0.3521	0.4043	0.4118	0.4135	0.0809	0.1426	0.1669	0.1292	0.0799	0.4971	0.4254	0.1504	0.4496	0.2843	0.3426	0.4253	0.0839	0.1948	0.1779	0.2034	0.0829	0.3763	0.4217	0.1415	0.4568
99	16.88	1012.666667		0.7105	0.6014	0.5411	0.0847	0.8155	0.8001	0.6654	0.0922	0.5709	0.603	0.6969	0.74	0.7038	0.5493	0.4812	0.0844	0.714	0.7125	0.508	0.0817	0.4887	0.5707	0.5281	0.6599	0.6354	0.5799	0.4903	0.0831	0.7843	0.7829	0.5497	0.0869	0.5084	0.5572	0.4511	0.5931	0.6684	0.5058	0.5037	0.0846	0.7326	0.7282	0.57	0.0839	0.5075	0.5441	0.4575	0.5739	0.6178	0.4874	0.48	0.0847	0.2561	0.3165	0.5308	0.083	0.518	0.5059	0.494	0.3254	0.5555	0.4782	0.4693	0.0838	0.1644	0.1495	0.5056	0.0872	0.4804	0.4596	0.5285	0.3536	0.4052	0.4135	0.4135	0.0823	0.1438	0.168	0.1302	0.081	0.4979	0.4269	0.1514	0.4513	0.2861	0.343	0.4267	0.0849	0.1962	0.179	0.2042	0.0843	0.3788	0.4224	0.1422	0.4579
100	17.05	1023		0.7087	0.5992	0.5423	0.0834	0.8151	0.7966	0.6663	0.0918	0.5705	0.603	0.6959	0.7467	0.7049	0.5494	0.4805	0.0832	0.7144	0.7155	0.5118	0.0807	0.4891	0.572	0.5238	0.6615	0.6386	0.5796	0.4896	0.0817	0.7832	0.7824	0.5506	0.0854	0.506	0.5575	0.4461	0.5951	0.6672	0.5049	0.5003	0.0833	0.7321	0.7277	0.5681	0.0828	0.5062	0.5436	0.4533	0.5768	0.6166	0.4854	0.4794	0.0832	0.2602	0.3151	0.5293	0.0815	0.5159	0.5039	0.4927	0.3236	0.5561	0.4778	0.4685	0.0824	0.1632	0.1483	0.5046	0.086	0.4801	0.4581	0.5284	0.3522	0.4032	0.4131	0.4134	0.081	0.1426	0.1664	0.129	0.08	0.4981	0.4261	0.1499	0.4512	0.2847	0.3432	0.4267	0.0838	0.1951	0.1789	0.2028	0.0828	0.3789	0.4226	0.1409	0.4564
101	17.22	1033.333333		0.7114	0.6024	0.5435	0.0837	0.8163	0.7962	0.6667	0.0896	0.5736	0.6052	0.6958	0.7457	0.7075	0.549	0.4806	0.0833	0.7165	0.7134	0.5163	0.0807	0.4945	0.5752	0.5206	0.6641	0.6411	0.5801	0.4889	0.0818	0.7837	0.7817	0.5517	0.0854	0.506	0.5615	0.4448	0.5962	0.6685	0.5058	0.4991	0.0832	0.7323	0.7272	0.5666	0.0827	0.5073	0.5453	0.4497	0.5771	0.6192	0.4862	0.4786	0.0831	0.2652	0.3174	0.5303	0.0815	0.5158	0.5036	0.4924	0.3224	0.5572	0.4784	0.4691	0.0823	0.1629	0.1481	0.5048	0.0862	0.4794	0.4578	0.529	0.3501	0.401	0.4133	0.4128	0.0811	0.1424	0.1663	0.1289	0.0798	0.499	0.426	0.1491	0.4519	0.2848	0.3437	0.4269	0.0842	0.1955	0.1789	0.2029	0.0829	0.3797	0.4234	0.1407	0.457
102	17.39	1043.666667		0.7143	0.6021	0.5435	0.0847	0.8169	0.7976	0.6674	0.0907	0.5726	0.6077	0.7001	0.7387	0.7097	0.5576	0.4821	0.0844	0.716	0.7129	0.5166	0.082	0.4973	0.5774	0.5241	0.6712	0.6449	0.5816	0.4897	0.083	0.7847	0.7822	0.5529	0.087	0.5084	0.5639	0.4455	0.6054	0.672	0.5061	0.4982	0.0846	0.7327	0.7283	0.5699	0.0842	0.5092	0.5477	0.4502	0.5898	0.6219	0.4918	0.4814	0.0846	0.2703	0.3162	0.5321	0.0831	0.5173	0.5049	0.4937	0.3233	0.5601	0.4809	0.4708	0.0837	0.1641	0.1493	0.5064	0.0873	0.4816	0.459	0.5329	0.3525	0.4022	0.414	0.4132	0.0824	0.1435	0.1672	0.1302	0.0813	0.5001	0.4277	0.1505	0.4533	0.286	0.347	0.4263	0.085	0.1965	0.1805	0.2038	0.0841	0.3823	0.4256	0.1416	0.459
103	17.57	1054		0.7182	0.6032	0.5445	0.0848	0.8158	0.7979	0.6687	0.0905	0.5763	0.6082	0.7015	0.7411	0.7104	0.5631	0.4837	0.0845	0.7178	0.7162	0.5195	0.0817	0.4974	0.5794	0.521	0.6734	0.6445	0.583	0.4898	0.0832	0.7857	0.7829	0.5522	0.0868	0.5092	0.5654	0.4431	0.6068	0.6722	0.5073	0.5011	0.0846	0.7332	0.7276	0.5707	0.0841	0.5098	0.5491	0.4473	0.5919	0.6237	0.4919	0.4817	0.0845	0.2755	0.3189	0.5327	0.083	0.517	0.5041	0.494	0.3226	0.5603	0.4814	0.472	0.0839	0.164	0.1492	0.5066	0.0876	0.4823	0.4588	0.5338	0.3508	0.4012	0.4154	0.4136	0.0825	0.1433	0.1672	0.1301	0.0812	0.4996	0.4282	0.1502	0.4544	0.2859	0.3452	0.4285	0.0853	0.1962	0.181	0.2041	0.0843	0.383	0.4259	0.1418	0.4614
104	17.74	1064.333333		0.7105	0.6032	0.5463	0.0849	0.8137	0.7978	0.669	0.0906	0.5748	0.6069	0.7016	0.7468	0.7079	0.5657	0.4806	0.0844	0.7189	0.7112	0.5196	0.0819	0.5029	0.5799	0.5234	0.6801	0.6426	0.5836	0.493	0.0832	0.7853	0.7824	0.5531	0.0869	0.5101	0.5659	0.4429	0.6147	0.6743	0.5073	0.5034	0.0846	0.7321	0.7282	0.572	0.0842	0.511	0.5494	0.4468	0.601	0.623	0.4939	0.4805	0.0845	0.2794	0.3212	0.5334	0.083	0.5176	0.5039	0.4946	0.3226	0.5615	0.4825	0.4722	0.0838	0.1641	0.149	0.5069	0.0874	0.4818	0.4589	0.5334	0.3512	0.4	0.4155	0.4121	0.082	0.1427	0.1668	0.13	0.0813	0.4998	0.4281	0.1498	0.4548	0.2859	0.3444	0.4284	0.085	0.1964	0.1809	0.2037	0.0843	0.3839	0.4265	0.1412	0.4631
105	17.91	1074.666667		0.7127	0.6045	0.5437	0.085	0.8182	0.798	0.6712	0.0909	0.5781	0.6096	0.7028	0.7455	0.7011	0.5675	0.4833	0.0846	0.7189	0.7135	0.5198	0.0819	0.5067	0.5816	0.5202	0.683	0.6475	0.5851	0.493	0.0832	0.785	0.7823	0.5538	0.087	0.5083	0.568	0.441	0.6175	0.6748	0.5089	0.5048	0.0846	0.7324	0.7283	0.5713	0.0841	0.5113	0.5501	0.4442	0.6031	0.6222	0.4958	0.4812	0.0847	0.2854	0.323	0.5346	0.0831	0.5168	0.5036	0.4944	0.3216	0.562	0.4836	0.4735	0.0839	0.1635	0.1488	0.5071	0.0876	0.4828	0.4589	0.535	0.3502	0.3991	0.4159	0.4137	0.0823	0.1427	0.1669	0.1298	0.0811	0.5007	0.4285	0.1496	0.4558	0.2857	0.3453	0.4282	0.0853	0.1966	0.1814	0.2033	0.084	0.3849	0.4274	0.1414	0.4646
106	18.08	1085		0.7153	0.6055	0.5451	0.0846	0.8175	0.8007	0.6728	0.0907	0.5764	0.6095	0.7043	0.7457	0.6986	0.5685	0.4825	0.0845	0.7186	0.7133	0.5196	0.0818	0.5116	0.5826	0.5229	0.6894	0.649	0.5854	0.495	0.0832	0.7845	0.7816	0.5529	0.0869	0.5096	0.5675	0.4416	0.6242	0.6756	0.5086	0.5068	0.0847	0.7324	0.7279	0.5717	0.084	0.5127	0.5505	0.4433	0.6115	0.621	0.4973	0.482	0.0847	0.2898	0.3259	0.5353	0.083	0.5175	0.5034	0.4946	0.3215	0.5621	0.4842	0.4741	0.0837	0.1636	0.1488	0.5072	0.0874	0.4824	0.4586	0.5356	0.3499	0.3985	0.4155	0.4126	0.0824	0.1422	0.1665	0.13	0.0812	0.5002	0.4292	0.1493	0.4561	0.2865	0.3459	0.428	0.0854	0.1965	0.1816	0.2033	0.0843	0.3862	0.4275	0.1413	0.4645
107	18.26	1095.333333		0.7135	0.6038	0.5461	0.0845	0.8148	0.8027	0.6719	0.0911	0.5789	0.6128	0.7059	0.7461	0.6985	0.5697	0.4842	0.0844	0.7179	0.7122	0.5224	0.0819	0.5147	0.5829	0.5195	0.6929	0.6505	0.586	0.4979	0.0832	0.7847	0.7827	0.5543	0.0869	0.5123	0.5638	0.4402	0.6272	0.679	0.5097	0.5088	0.0845	0.7324	0.7277	0.5729	0.0841	0.5131	0.5509	0.4412	0.6127	0.619	0.4972	0.4825	0.0846	0.2962	0.3267	0.5357	0.083	0.5172	0.5035	0.4947	0.3204	0.5634	0.4848	0.4751	0.0839	0.1634	0.1484	0.5081	0.0876	0.4829	0.4593	0.537	0.3496	0.3973	0.4168	0.4141	0.0824	0.1423	0.1665	0.1296	0.0814	0.5011	0.4296	0.1491	0.4576	0.287	0.3461	0.428	0.0855	0.1964	0.1827	0.203	0.0844	0.3868	0.4273	0.141	0.4653
108	18.43	1105.666667		0.7123	0.6049	0.5449	0.0833	0.8143	0.801	0.6728	0.0899	0.5759	0.6131	0.7081	0.7457	0.6993	0.5695	0.4812	0.0832	0.7162	0.7093	0.5095	0.0807	0.5181	0.5819	0.5207	0.6973	0.6451	0.5845	0.4994	0.0818	0.7827	0.7795	0.5527	0.0856	0.5076	0.559	0.4387	0.6323	0.6781	0.5082	0.5057	0.0832	0.7296	0.7261	0.5714	0.0827	0.5126	0.5504	0.4393	0.6199	0.6165	0.4969	0.4811	0.0831	0.2997	0.3256	0.535	0.0817	0.5155	0.5015	0.4935	0.3187	0.5638	0.4838	0.4739	0.0823	0.1621	0.147	0.5066	0.0863	0.481	0.4569	0.5367	0.3496	0.3956	0.4152	0.4129	0.0811	0.1406	0.1652	0.1284	0.0801	0.4998	0.4287	0.1478	0.4561	0.2869	0.3447	0.4256	0.084	0.1954	0.1818	0.2015	0.083	0.3865	0.4259	0.14	0.4673
109	18.6	1116		0.7136	0.6044	0.5478	0.0843	0.8142	0.8006	0.6755	0.0915	0.58	0.6159	0.7107	0.7473	0.6997	0.5701	0.4831	0.0846	0.7185	0.7124	0.5119	0.082	0.5199	0.5833	0.5193	0.7016	0.6494	0.5873	0.5017	0.0832	0.7855	0.7817	0.5548	0.087	0.5152	0.5599	0.4385	0.6374	0.6786	0.5121	0.5048	0.0846	0.7321	0.7279	0.5726	0.0842	0.5154	0.5527	0.4394	0.6234	0.6161	0.5008	0.4829	0.0847	0.3084	0.329	0.5372	0.083	0.518	0.5027	0.4947	0.3183	0.5645	0.4868	0.4749	0.0839	0.1634	0.1481	0.5085	0.0877	0.4825	0.4585	0.5402	0.3498	0.3962	0.4172	0.4146	0.0823	0.1417	0.1662	0.1296	0.0811	0.501	0.4299	0.1486	0.458	0.2898	0.3475	0.4269	0.0854	0.1971	0.1839	0.2028	0.0843	0.3888	0.428	0.1407	0.4712
110	18.77	1126.333333		0.7145	0.6037	0.5453	0.0829	0.8138	0.7997	0.6716	0.0902	0.5768	0.6132	0.7095	0.7453	0.7031	0.5646	0.4832	0.0832	0.7162	0.7092	0.5142	0.0806	0.5225	0.5819	0.5206	0.7085	0.6494	0.5863	0.4988	0.0819	0.7835	0.7789	0.5544	0.0857	0.5134	0.5563	0.4378	0.645	0.6788	0.5106	0.5024	0.0833	0.7302	0.7256	0.5719	0.0828	0.5153	0.5513	0.4378	0.6298	0.6145	0.5029	0.4827	0.0831	0.311	0.3289	0.5362	0.0817	0.5163	0.5013	0.4936	0.317	0.5652	0.4865	0.4759	0.0823	0.1623	0.1469	0.5075	0.0861	0.4814	0.4574	0.5399	0.3487	0.3942	0.4165	0.4139	0.081	0.1403	0.1647	0.1282	0.08	0.4994	0.4287	0.1471	0.4565	0.2884	0.3469	0.4265	0.0843	0.196	0.1829	0.2015	0.0833	0.389	0.4279	0.1395	0.4726
111	18.94	1136.666667		0.7191	0.6046	0.5467	0.0848	0.8123	0.8019	0.6749	0.0913	0.5796	0.6164	0.7141	0.7494	0.7092	0.5603	0.4838	0.0847	0.716	0.7105	0.5147	0.082	0.5204	0.5847	0.5253	0.7181	0.6519	0.5883	0.5026	0.0833	0.7841	0.78	0.5558	0.087	0.5136	0.5571	0.44	0.6555	0.6813	0.5128	0.5032	0.0848	0.7309	0.727	0.5735	0.084	0.5188	0.553	0.4392	0.6389	0.6161	0.5099	0.4847	0.0847	0.3172	0.3314	0.5377	0.0831	0.5176	0.5027	0.4951	0.318	0.5673	0.4884	0.4773	0.0839	0.1633	0.1479	0.5092	0.0872	0.4829	0.4581	0.5417	0.3503	0.3944	0.4181	0.4148	0.0823	0.1409	0.1659	0.1293	0.0811	0.5003	0.4303	0.148	0.4579	0.2911	0.3486	0.4275	0.0855	0.1974	0.1831	0.2022	0.0843	0.3916	0.4283	0.1408	0.4764
112	19.12	1147		0.7172	0.6054	0.5469	0.0847	0.8152	0.8019	0.6736	0.0919	0.5804	0.617	0.7113	0.7517	0.7051	0.554	0.4839	0.0843	0.717	0.7109	0.5143	0.082	0.5229	0.5849	0.521	0.7272	0.653	0.5887	0.502	0.0829	0.7847	0.7812	0.5558	0.087	0.5132	0.5553	0.438	0.663	0.6817	0.5143	0.5048	0.0845	0.731	0.7277	0.5746	0.0843	0.5196	0.5532	0.4373	0.6418	0.6206	0.5152	0.4835	0.0845	0.3244	0.3334	0.5385	0.0832	0.517	0.5029	0.4951	0.317	0.5677	0.4888	0.4783	0.0836	0.1634	0.1478	0.5099	0.0876	0.4831	0.4586	0.5435	0.3496	0.3941	0.4191	0.4155	0.0822	0.1408	0.1657	0.1292	0.0816	0.5012	0.4309	0.1478	0.4585	0.2919	0.3484	0.4279	0.0845	0.1972	0.1843	0.2023	0.0845	0.3931	0.43	0.1407	0.4726
113	19.29	1157.333333		0.7178	0.6044	0.5473	0.0848	0.8149	0.8018	0.6767	0.0916	0.5819	0.6195	0.7092	0.7479	0.7143	0.5457	0.4847	0.0845	0.7171	0.7107	0.5141	0.0818	0.5257	0.5862	0.518	0.7336	0.6532	0.5905	0.501	0.0831	0.7853	0.7815	0.556	0.0869	0.5166	0.5484	0.4371	0.6701	0.6834	0.5166	0.5052	0.0847	0.732	0.7278	0.5751	0.0841	0.5214	0.5543	0.436	0.6419	0.6218	0.5177	0.4842	0.0846	0.331	0.3352	0.5391	0.0829	0.517	0.5027	0.4951	0.3153	0.5683	0.4905	0.4784	0.0839	0.163	0.1476	0.5103	0.0875	0.4834	0.4588	0.5448	0.3484	0.3921	0.4199	0.4165	0.0823	0.1411	0.1654	0.129	0.0812	0.5015	0.431	0.1476	0.4588	0.2926	0.3499	0.4279	0.0845	0.1975	0.1844	0.2021	0.0842	0.3933	0.4293	0.1403	0.4748
114	19.46	1167.666667		0.7174	0.6076	0.5487	0.0848	0.813	0.8013	0.6752	0.0917	0.5803	0.6175	0.7106	0.7539	0.7131	0.535	0.4839	0.0844	0.7168	0.7108	0.514	0.0818	0.5268	0.5848	0.5204	0.7425	0.6557	0.5904	0.4996	0.0831	0.7838	0.7816	0.557	0.0869	0.5243	0.545	0.4368	0.6817	0.6824	0.5167	0.5053	0.0847	0.7309	0.7271	0.5763	0.0841	0.5232	0.5547	0.4358	0.6503	0.6244	0.5214	0.4846	0.0846	0.3358	0.3352	0.54	0.0832	0.5173	0.5026	0.4959	0.3153	0.5697	0.4912	0.4788	0.0838	0.163	0.1476	0.5112	0.0875	0.4832	0.4583	0.5456	0.3485	0.3916	0.4189	0.4163	0.0824	0.1409	0.1656	0.1291	0.0815	0.5016	0.431	0.1474	0.4582	0.2933	0.3505	0.4285	0.0845	0.1973	0.1844	0.2019	0.0844	0.3949	0.4306	0.1405	0.4746
115	19.63	1178		0.7148	0.6063	0.5494	0.0849	0.8139	0.7982	0.6761	0.0918	0.583	0.6188	0.7169	0.7526	0.7133	0.5294	0.4858	0.0847	0.7154	0.7094	0.5134	0.0821	0.5258	0.583	0.5247	0.7511	0.6554	0.591	0.5005	0.0831	0.7842	0.7815	0.5576	0.0871	0.5218	0.5415	0.438	0.6933	0.6845	0.5177	0.5064	0.0848	0.7296	0.7261	0.5758	0.0842	0.5243	0.5549	0.4357	0.6576	0.6249	0.5223	0.4846	0.0846	0.3406	0.3361	0.5398	0.0832	0.5169	0.5023	0.4963	0.3144	0.5722	0.4913	0.4784	0.084	0.1628	0.1477	0.5118	0.0874	0.4832	0.458	0.5464	0.3483	0.3916	0.4198	0.417	0.0825	0.1405	0.1656	0.1289	0.0814	0.5009	0.4313	0.1476	0.4583	0.2944	0.3497	0.428	0.0849	0.1969	0.184	0.2016	0.0846	0.3963	0.4316	0.1405	0.4752
116	19.81	1188.333333		0.7158	0.6072	0.5512	0.0849	0.8138	0.7985	0.6786	0.0913	0.5825	0.6173	0.7152	0.7483	0.7073	0.5237	0.4859	0.0845	0.7162	0.7106	0.5134	0.0821	0.5252	0.582	0.5208	0.7582	0.6562	0.5909	0.5028	0.0832	0.7843	0.7822	0.5566	0.0869	0.5182	0.5422	0.4369	0.7022	0.686	0.5192	0.5062	0.0846	0.7297	0.7271	0.5767	0.0843	0.5254	0.5545	0.4342	0.6632	0.6254	0.5238	0.4858	0.0847	0.3469	0.3375	0.5409	0.0831	0.517	0.5029	0.4955	0.3134	0.5722	0.4924	0.4795	0.0838	0.1629	0.1473	0.5119	0.0875	0.4831	0.4591	0.548	0.3484	0.3926	0.4213	0.417	0.0823	0.1403	0.1656	0.129	0.0815	0.5016	0.4316	0.147	0.4581	0.2952	0.3504	0.4282	0.0848	0.1974	0.1846	0.2019	0.0842	0.396	0.4317	0.1402	0.4808
117	19.98	1198.666667		0.7176	0.6082	0.5519	0.085	0.8125	0.7993	0.6775	0.0916	0.5826	0.6195	0.7205	0.7533	0.7042	0.5256	0.4864	0.0846	0.7145	0.7093	0.5122	0.0821	0.5241	0.581	0.5251	0.7635	0.6601	0.5909	0.5048	0.0831	0.7833	0.7822	0.5572	0.0869	0.5199	0.5428	0.438	0.7109	0.6823	0.5201	0.5044	0.0847	0.7296	0.7257	0.5773	0.0843	0.5267	0.5552	0.4338	0.6728	0.6253	0.5241	0.4866	0.0847	0.3504	0.3381	0.5407	0.0831	0.5165	0.5034	0.4958	0.313	0.5745	0.4937	0.4803	0.0839	0.1627	0.1472	0.5119	0.0873	0.4829	0.4584	0.5491	0.3476	0.3939	0.423	0.4171	0.0823	0.1399	0.1653	0.1287	0.0812	0.5006	0.4315	0.1469	0.4584	0.2973	0.3503	0.4286	0.0848	0.1977	0.1848	0.2018	0.0843	0.3969	0.4316	0.1401	0.4786
118	20.15	1209		0.7139	0.6081	0.5526	0.0853	0.8141	0.7998	0.679	0.0919	0.5834	0.6175	0.7187	0.7552	0.7081	0.5301	0.4848	0.0846	0.7146	0.711	0.5109	0.082	0.5249	0.5813	0.5206	0.7666	0.6582	0.5917	0.5062	0.0831	0.784	0.7826	0.5586	0.0871	0.5204	0.5426	0.4374	0.7174	0.6829	0.5208	0.5055	0.0847	0.7303	0.727	0.5774	0.0842	0.5267	0.5553	0.4325	0.6794	0.6235	0.5262	0.4871	0.0846	0.3559	0.3396	0.5417	0.0832	0.5163	0.5036	0.4956	0.312	0.5746	0.4947	0.4816	0.0838	0.1625	0.147	0.5124	0.0875	0.4831	0.4582	0.55	0.3467	0.3932	0.4246	0.4173	0.0823	0.1399	0.1653	0.1288	0.0816	0.5011	0.4324	0.1465	0.4575	0.2969	0.3502	0.4286	0.0848	0.1976	0.1851	0.2017	0.084	0.3988	0.432	0.1395	0.4795
119	20.32	1219.333333		0.71	0.6072	0.5508	0.0842	0.8117	0.7946	0.6777	0.0908	0.583	0.6169	0.7252	0.7512	0.702	0.5313	0.4833	0.0834	0.7126	0.7077	0.5115	0.081	0.5229	0.5814	0.5244	0.7692	0.6573	0.5896	0.504	0.0819	0.7815	0.7812	0.5572	0.0857	0.5147	0.542	0.4368	0.7222	0.6827	0.5196	0.5037	0.0834	0.7278	0.725	0.5766	0.0829	0.5265	0.5544	0.4309	0.6889	0.6198	0.5281	0.4867	0.0833	0.3589	0.3393	0.5404	0.0817	0.5154	0.502	0.4946	0.3098	0.5752	0.4946	0.4798	0.0826	0.1613	0.1458	0.5121	0.0861	0.4819	0.4572	0.5501	0.3456	0.3926	0.4243	0.4158	0.0812	0.1383	0.1641	0.1274	0.0801	0.4992	0.4314	0.1453	0.4567	0.297	0.3489	0.4277	0.0833	0.1968	0.1835	0.2003	0.0833	0.3969	0.4314	0.1385	0.4805
120	20.49	1229.666667		0.7177	0.6095	0.5522	0.0851	0.8144	0.7986	0.68	0.092	0.5848	0.6159	0.7259	0.7482	0.7005	0.5385	0.4849	0.0843	0.7146	0.71	0.5103	0.0818	0.5233	0.5839	0.5229	0.7712	0.6614	0.592	0.5055	0.0832	0.7841	0.7836	0.5597	0.087	0.5201	0.547	0.4362	0.7269	0.6829	0.5223	0.5062	0.0846	0.7295	0.7268	0.5777	0.0841	0.5288	0.5564	0.4316	0.6983	0.6215	0.537	0.4889	0.0846	0.3653	0.3416	0.5428	0.083	0.5171	0.5036	0.4957	0.3101	0.5766	0.4956	0.4825	0.0837	0.1622	0.1467	0.5139	0.0875	0.4826	0.4584	0.5525	0.3457	0.3938	0.4271	0.4177	0.0822	0.1398	0.1651	0.1286	0.0814	0.5011	0.4319	0.146	0.4579	0.2982	0.3503	0.4283	0.0846	0.1978	0.1856	0.201	0.0839	0.3991	0.4325	0.1402	0.4806
121	20.67	1240		0.7177	0.6079	0.5525	0.0846	0.8128	0.7977	0.6794	0.092	0.5852	0.6178	0.7352	0.7486	0.7053	0.5404	0.4856	0.0847	0.7134	0.7102	0.5091	0.082	0.521	0.5812	0.528	0.7722	0.6575	0.5927	0.5053	0.0833	0.7845	0.783	0.5587	0.0871	0.5195	0.5493	0.437	0.7293	0.6824	0.5232	0.5081	0.0848	0.7283	0.7258	0.5786	0.0841	0.5306	0.5562	0.4313	0.7096	0.6207	0.5436	0.4887	0.0848	0.3692	0.3426	0.5436	0.0831	0.5174	0.5038	0.4961	0.3097	0.5782	0.4972	0.4831	0.0839	0.1624	0.1466	0.5143	0.0873	0.4828	0.4581	0.5532	0.3472	0.3935	0.4275	0.4175	0.0825	0.1395	0.1651	0.1284	0.0815	0.5005	0.433	0.1459	0.4577	0.3007	0.3512	0.4285	0.0846	0.1979	0.1856	0.2011	0.0841	0.4	0.4331	0.1406	0.4844
122	20.84	1250.333333		0.718	0.6107	0.5526	0.0844	0.8131	0.7971	0.6822	0.0923	0.5858	0.6164	0.7361	0.7476	0.7074	0.5412	0.4872	0.0845	0.7141	0.7117	0.5069	0.0821	0.5217	0.5777	0.5251	0.7713	0.6567	0.5932	0.5072	0.0832	0.784	0.7844	0.5591	0.087	0.5181	0.549	0.436	0.7292	0.6849	0.5238	0.5091	0.0846	0.729	0.7271	0.5792	0.0843	0.5315	0.5567	0.4304	0.717	0.6203	0.5495	0.4893	0.0846	0.3735	0.3437	0.544	0.0832	0.5168	0.5042	0.4962	0.3087	0.5788	0.4979	0.483	0.0837	0.1622	0.1465	0.5147	0.0875	0.4826	0.4584	0.5548	0.3454	0.3927	0.4292	0.4183	0.0822	0.1396	0.1653	0.1284	0.0816	0.502	0.4329	0.1457	0.4578	0.3009	0.3505	0.429	0.0845	0.1984	0.1864	0.2008	0.0839	0.4015	0.4317	0.1404	0.4835
123	21.01	1260.666667		0.709	0.6056	0.5525	0.0832	0.8116	0.7964	0.6789	0.091	0.5859	0.6148	0.7447	0.7485	0.7131	0.5408	0.4855	0.0834	0.7123	0.7086	0.5059	0.0808	0.5217	0.5777	0.5284	0.7698	0.6576	0.5912	0.5057	0.082	0.7813	0.7834	0.5584	0.0856	0.519	0.5439	0.4356	0.7296	0.6838	0.5231	0.5083	0.0834	0.7277	0.7242	0.5783	0.0828	0.5307	0.556	0.4289	0.7251	0.6203	0.5503	0.4889	0.0834	0.3748	0.3429	0.5422	0.0816	0.5158	0.5034	0.4947	0.3065	0.579	0.4968	0.4817	0.0826	0.161	0.1456	0.5143	0.086	0.4812	0.4574	0.5542	0.3448	0.391	0.4292	0.4173	0.0813	0.1382	0.1638	0.1273	0.0801	0.4995	0.4322	0.1443	0.4564	0.302	0.3498	0.4287	0.0836	0.1973	0.185	0.2001	0.0831	0.3998	0.4317	0.1394	0.4797
124	21.18	1271		0.7063	0.6085	0.5541	0.0846	0.815	0.801	0.6824	0.0928	0.587	0.615	0.7484	0.7446	0.7162	0.5423	0.4878	0.0844	0.7145	0.7107	0.5061	0.082	0.5241	0.5796	0.5288	0.7682	0.6616	0.5933	0.5083	0.0832	0.7841	0.7856	0.5592	0.0871	0.5227	0.5393	0.436	0.7296	0.6861	0.5237	0.5126	0.0846	0.7298	0.7259	0.5798	0.0844	0.5337	0.5582	0.4294	0.7312	0.6216	0.5551	0.4918	0.0847	0.3804	0.346	0.5445	0.0833	0.5175	0.5054	0.4964	0.3071	0.5806	0.4992	0.4842	0.0837	0.1621	0.1467	0.5153	0.0875	0.4826	0.4587	0.5565	0.345	0.392	0.4315	0.4194	0.0823	0.1395	0.165	0.1284	0.0816	0.5012	0.4336	0.1452	0.4571	0.3036	0.3514	0.4306	0.0849	0.1984	0.1868	0.2009	0.0839	0.4033	0.4329	0.1401	0.4791
125	21.36	1281.333333		0.7077	0.6062	0.5544	0.0832	0.814	0.8017	0.6801	0.0916	0.5884	0.6147	0.7536	0.7437	0.7039	0.5407	0.487	0.0833	0.7142	0.71	0.5037	0.0809	0.5254	0.5804	0.5284	0.7658	0.6569	0.5933	0.5081	0.0817	0.784	0.7849	0.5591	0.0857	0.52	0.537	0.4325	0.7264	0.6832	0.5242	0.5125	0.0832	0.7274	0.7251	0.5787	0.0828	0.5333	0.5575	0.4269	0.733	0.6205	0.5541	0.4905	0.0833	0.3842	0.3453	0.5437	0.0817	0.5156	0.5053	0.4948	0.3044	0.5807	0.4988	0.4834	0.0824	0.1606	0.1453	0.515	0.0863	0.4806	0.4579	0.5563	0.3429	0.3899	0.4313	0.4188	0.0811	0.1384	0.1638	0.1269	0.0801	0.5005	0.4314	0.1438	0.4571	0.3039	0.3503	0.4286	0.0836	0.1977	0.1861	0.2	0.083	0.4026	0.4322	0.1389	0.4827
126	21.53	1291.666667		0.7	0.6059	0.5543	0.0832	0.8134	0.8006	0.6816	0.0915	0.5873	0.613	0.7597	0.7437	0.7127	0.5374	0.4874	0.0832	0.7137	0.7095	0.5047	0.0808	0.522	0.58	0.5354	0.7647	0.6607	0.5927	0.5078	0.0818	0.7827	0.7851	0.5593	0.0857	0.521	0.5367	0.4334	0.7262	0.6859	0.5238	0.5123	0.0832	0.7271	0.7247	0.5788	0.0827	0.5344	0.5581	0.4278	0.7381	0.6214	0.5565	0.492	0.0833	0.3874	0.3458	0.5441	0.0818	0.5154	0.5051	0.495	0.3043	0.581	0.5004	0.4839	0.0824	0.1605	0.1455	0.5153	0.0862	0.481	0.4573	0.5576	0.3434	0.3901	0.4319	0.4181	0.0811	0.138	0.1638	0.1272	0.0802	0.4994	0.4322	0.1439	0.4562	0.3051	0.3512	0.428	0.0835	0.1976	0.1858	0.1996	0.0829	0.4027	0.4311	0.1392	0.4829
127	21.7	1302		0.7006	0.6043	0.5532	0.0832	0.8124	0.8017	0.6816	0.0914	0.5876	0.6106	0.7698	0.7383	0.7142	0.5345	0.4858	0.0833	0.7126	0.7079	0.5039	0.0806	0.52	0.5784	0.5443	0.7632	0.6612	0.5929	0.5079	0.0818	0.782	0.7845	0.5588	0.0854	0.5203	0.5363	0.4343	0.7261	0.6844	0.5241	0.5129	0.0833	0.7265	0.7237	0.5799	0.0827	0.536	0.5576	0.4283	0.7441	0.6223	0.5587	0.4932	0.0834	0.3911	0.3462	0.5442	0.0818	0.5162	0.5063	0.495	0.3035	0.5827	0.5002	0.4853	0.0825	0.1607	0.1451	0.5158	0.0861	0.481	0.4574	0.5588	0.3447	0.3899	0.4318	0.418	0.0812	0.1377	0.1638	0.1272	0.0802	0.4994	0.4325	0.1436	0.456	0.3073	0.35	0.4296	0.0834	0.1979	0.1852	0.1994	0.0832	0.4032	0.4318	0.1394	0.4829
128	21.87	1312.333333		0.7114	0.6049	0.5559	0.0848	0.8112	0.8032	0.6828	0.0934	0.5894	0.6106	0.775	0.7356	0.7055	0.5324	0.4868	0.0843	0.714	0.7104	0.5038	0.0819	0.5202	0.5786	0.5464	0.7633	0.6593	0.5941	0.5103	0.0831	0.7842	0.7878	0.5595	0.0868	0.5233	0.5398	0.4344	0.7267	0.6852	0.5251	0.5169	0.0846	0.7281	0.7251	0.5815	0.0841	0.5392	0.5611	0.4287	0.748	0.6251	0.566	0.4956	0.0847	0.3983	0.3484	0.5462	0.0832	0.5177	0.5083	0.4963	0.3043	0.5836	0.5023	0.4874	0.0837	0.1619	0.1464	0.5173	0.0875	0.4821	0.4591	0.5616	0.3452	0.3911	0.4342	0.4201	0.0824	0.139	0.1651	0.1282	0.0814	0.5013	0.4338	0.1444	0.4568	0.3088	0.3523	0.4305	0.0844	0.1986	0.1863	0.2004	0.084	0.4042	0.4331	0.14	0.4844
129	22.04	1322.666667		0.7029	0.6051	0.5548	0.0843	0.8145	0.8034	0.6833	0.0934	0.5902	0.6114	0.7818	0.7357	0.7086	0.5301	0.4869	0.0844	0.7149	0.7107	0.5039	0.0819	0.5218	0.5782	0.5497	0.7621	0.6611	0.5948	0.5115	0.0831	0.7851	0.7878	0.5614	0.0872	0.5237	0.5418	0.433	0.7266	0.6872	0.5264	0.5187	0.0845	0.7286	0.726	0.5821	0.0841	0.5412	0.5625	0.4278	0.7489	0.6257	0.5707	0.4972	0.0846	0.404	0.35	0.5468	0.0833	0.5177	0.5089	0.4964	0.3025	0.5846	0.5037	0.4873	0.0838	0.1617	0.1466	0.5179	0.0876	0.4818	0.4591	0.5625	0.3438	0.391	0.435	0.4202	0.0823	0.1391	0.165	0.1281	0.0817	0.5009	0.4342	0.1442	0.4569	0.3096	0.3518	0.431	0.0846	0.199	0.1871	0.2005	0.0841	0.4057	0.433	0.1406	0.4848
130	22.22	1333		0.7016	0.6029	0.555	0.0833	0.8122	0.8005	0.6812	0.0919	0.5888	0.6073	0.7855	0.7349	0.6998	0.5271	0.4848	0.0832	0.7131	0.707	0.5022	0.0809	0.5219	0.5736	0.5604	0.759	0.6613	0.5934	0.5093	0.0818	0.7831	0.7858	0.5601	0.0857	0.5258	0.5411	0.4328	0.7259	0.6854	0.5244	0.5184	0.0833	0.7269	0.724	0.5807	0.0829	0.5421	0.5613	0.4268	0.751	0.6242	0.5722	0.4972	0.0832	0.407	0.3483	0.5456	0.0818	0.5162	0.5088	0.4946	0.3017	0.5835	0.5028	0.4871	0.0824	0.1602	0.1452	0.5171	0.0862	0.4811	0.4585	0.5627	0.3448	0.3895	0.4347	0.4196	0.0811	0.1378	0.1637	0.1268	0.08	0.4993	0.433	0.1429	0.4551	0.311	0.3518	0.4292	0.0835	0.1974	0.1859	0.1992	0.083	0.4048	0.4328	0.1396	0.4866
131	22.39	1343.333333		0.7066	0.6022	0.5568	0.0842	0.8141	0.8031	0.6826	0.0916	0.5907	0.6082	0.7913	0.735	0.7009	0.5264	0.4855	0.0846	0.7122	0.7085	0.5023	0.082	0.5222	0.5738	0.5767	0.7579	0.6603	0.5951	0.5106	0.0833	0.783	0.7868	0.5606	0.087	0.529	0.5432	0.4358	0.7276	0.6884	0.5273	0.5209	0.0847	0.7264	0.725	0.5825	0.0842	0.5451	0.564	0.4284	0.7534	0.6261	0.5743	0.5001	0.0847	0.411	0.3498	0.5475	0.083	0.5189	0.5114	0.4962	0.3027	0.5864	0.5062	0.4883	0.0837	0.1615	0.1463	0.5191	0.0875	0.4821	0.4594	0.5641	0.3472	0.3912	0.4352	0.4205	0.0825	0.1384	0.1649	0.1278	0.0814	0.4992	0.4338	0.144	0.4569	0.3149	0.3525	0.4305	0.0849	0.1986	0.1865	0.2003	0.0842	0.4065	0.4338	0.141	0.4869
132	22.56	1353.666667		0.7064	0.6026	0.5555	0.0843	0.8134	0.8048	0.6844	0.0912	0.5908	0.6066	0.793	0.7339	0.7019	0.5259	0.4862	0.0844	0.7127	0.7086	0.5015	0.082	0.5242	0.5737	0.5823	0.7555	0.6614	0.5951	0.5118	0.0833	0.7845	0.7872	0.5614	0.087	0.5296	0.5461	0.435	0.727	0.6876	0.5273	0.5241	0.0847	0.7276	0.7254	0.5826	0.0841	0.547	0.5648	0.4286	0.7545	0.627	0.5754	0.5026	0.0847	0.4145	0.3504	0.5482	0.0831	0.5184	0.5121	0.4967	0.3016	0.5861	0.5074	0.4892	0.0838	0.1613	0.1463	0.5199	0.0875	0.4822	0.46	0.565	0.3463	0.3907	0.4372	0.4204	0.0825	0.1385	0.1648	0.1278	0.0816	0.5	0.4342	0.1439	0.4563	0.3156	0.3527	0.4306	0.0846	0.1987	0.187	0.2005	0.084	0.4073	0.4345	0.1408	0.4891
133	22.73	1364		0.7065	0.6023	0.5551	0.0831	0.8113	0.8018	0.6821	0.0899	0.5905	0.6055	0.7938	0.7317	0.7023	0.5258	0.484	0.0833	0.711	0.7067	0.5	0.0808	0.5279	0.5704	0.5993	0.7509	0.6601	0.5941	0.5103	0.0819	0.7818	0.785	0.5603	0.0856	0.5282	0.5467	0.4345	0.7262	0.6861	0.5263	0.5244	0.0832	0.7255	0.7227	0.5812	0.0829	0.5481	0.5645	0.4275	0.7537	0.6265	0.5747	0.5021	0.0834	0.4141	0.349	0.5468	0.0818	0.518	0.5124	0.4953	0.3001	0.5867	0.5068	0.4891	0.0824	0.1601	0.145	0.5192	0.0863	0.4806	0.4588	0.5648	0.3472	0.3899	0.4364	0.4198	0.081	0.137	0.1634	0.1265	0.0801	0.4985	0.4333	0.1423	0.4555	0.3187	0.3523	0.4293	0.0834	0.1975	0.1852	0.1991	0.0832	0.4062	0.4339	0.1399	0.4874
134	22.91	1374.333333		0.7037	0.6006	0.5546	0.0835	0.8111	0.8037	0.6831	0.0901	0.5903	0.6018	0.7935	0.7307	0.6984	0.5276	0.4839	0.0832	0.7103	0.707	0.5005	0.0809	0.5286	0.5698	0.6074	0.7485	0.6617	0.5946	0.5115	0.0819	0.7827	0.7865	0.5595	0.0859	0.5306	0.5489	0.4334	0.7254	0.6866	0.5274	0.527	0.0833	0.7261	0.7228	0.5819	0.0829	0.5508	0.567	0.4264	0.7526	0.6284	0.5767	0.5037	0.0833	0.4154	0.3501	0.5472	0.0819	0.5181	0.5134	0.4949	0.2993	0.586	0.508	0.4892	0.0824	0.1596	0.1447	0.5195	0.0862	0.481	0.4588	0.5655	0.3465	0.3895	0.4373	0.4197	0.0811	0.1371	0.1636	0.1266	0.0805	0.4987	0.433	0.1421	0.4552	0.3197	0.3533	0.429	0.0833	0.1974	0.1852	0.1989	0.083	0.4077	0.4322	0.1396	0.4876
135	23.08	1384.666667		0.7066	0.6005	0.5548	0.0837	0.8107	0.8035	0.6825	0.0902	0.5895	0.6028	0.7954	0.73	0.7051	0.5298	0.4832	0.0835	0.7091	0.7068	0.4993	0.0809	0.5186	0.569	0.6287	0.7464	0.6609	0.5944	0.5113	0.0819	0.7814	0.7844	0.5589	0.0856	0.5322	0.5523	0.4361	0.727	0.6882	0.5278	0.5286	0.0834	0.7251	0.7231	0.582	0.0828	0.5535	0.5677	0.4278	0.7531	0.6299	0.5788	0.5059	0.0833	0.416	0.35	0.5478	0.0818	0.519	0.5149	0.4959	0.299	0.5879	0.5089	0.4906	0.0825	0.1598	0.1448	0.5201	0.0861	0.4812	0.4598	0.5666	0.3483	0.3891	0.4383	0.4192	0.0813	0.1369	0.1636	0.1263	0.0804	0.4982	0.4334	0.142	0.4556	0.3235	0.353	0.4292	0.0834	0.197	0.1843	0.1986	0.0832	0.4077	0.4342	0.1397	0.4878
136	23.25	1395		0.7066	0.5994	0.5553	0.0847	0.8122	0.8041	0.6843	0.0912	0.5925	0.6005	0.7954	0.7334	0.7043	0.5314	0.4836	0.0838	0.7127	0.7076	0.5004	0.0819	0.5141	0.5711	0.6412	0.745	0.6623	0.5956	0.5136	0.0832	0.7839	0.7859	0.5627	0.0871	0.5358	0.5564	0.4356	0.7277	0.6905	0.5298	0.5331	0.0847	0.7267	0.7248	0.5839	0.0844	0.5582	0.5713	0.4279	0.7527	0.6327	0.582	0.5104	0.0846	0.4195	0.3522	0.5497	0.0834	0.521	0.5174	0.4973	0.2996	0.5903	0.5107	0.4916	0.0837	0.1609	0.1461	0.5217	0.0876	0.4828	0.4609	0.5689	0.3494	0.3896	0.4407	0.421	0.0816	0.1382	0.1648	0.1275	0.0815	0.4997	0.4348	0.1433	0.4565	0.3264	0.3539	0.431	0.0849	0.1983	0.186	0.1999	0.0842	0.4092	0.4361	0.1406	0.4921
137	23.42	1405.333333		0.7031	0.5971	0.5546	0.0836	0.8109	0.8034	0.6825	0.0899	0.591	0.6007	0.7945	0.7271	0.7079	0.5331	0.4818	0.0825	0.71	0.7062	0.4994	0.081	0.5108	0.5686	0.6646	0.743	0.6592	0.5939	0.5116	0.0818	0.7819	0.7841	0.5616	0.0856	0.5352	0.5583	0.4356	0.7245	0.6874	0.5294	0.5322	0.0834	0.7243	0.7219	0.5831	0.0829	0.5587	0.5708	0.4271	0.7514	0.6327	0.5829	0.5108	0.0834	0.4182	0.3509	0.5487	0.0818	0.521	0.5176	0.4959	0.2977	0.5907	0.511	0.4909	0.0824	0.1597	0.1447	0.5216	0.0862	0.4815	0.4597	0.569	0.3503	0.3892	0.4405	0.4187	0.0803	0.1366	0.1633	0.1263	0.0802	0.4976	0.4338	0.1418	0.4555	0.3301	0.3534	0.4292	0.0838	0.1968	0.1842	0.1985	0.0832	0.4083	0.4351	0.1395	0.4881
138	23.59	1415.666667		0.705	0.5951	0.5547	0.0833	0.8113	0.8047	0.684	0.0902	0.5928	0.5972	0.7932	0.729	0.698	0.5336	0.4819	0.0828	0.7107	0.7065	0.499	0.0807	0.5107	0.5682	0.6776	0.742	0.6588	0.5942	0.5119	0.0819	0.7826	0.7843	0.5622	0.0856	0.5378	0.5604	0.4364	0.7266	0.6873	0.5303	0.5344	0.0832	0.7249	0.7223	0.5828	0.0827	0.5608	0.5729	0.4263	0.7503	0.6345	0.5831	0.5115	0.0832	0.42	0.3521	0.5491	0.0818	0.5219	0.5187	0.4956	0.2967	0.5914	0.5116	0.4917	0.0824	0.1594	0.1449	0.5222	0.0864	0.4815	0.4606	0.5701	0.3507	0.3879	0.4414	0.4196	0.0806	0.1365	0.1636	0.1264	0.0802	0.4984	0.4338	0.1416	0.4546	0.332	0.3547	0.4293	0.084	0.1972	0.1848	0.1982	0.0829	0.4099	0.4359	0.1392	0.4877
139	23.77	1426		0.7028	0.5973	0.5551	0.0846	0.8135	0.8045	0.6835	0.0915	0.5931	0.5991	0.7939	0.73	0.6978	0.5351	0.4826	0.084	0.7111	0.7063	0.4997	0.0821	0.5102	0.5689	0.7018	0.7411	0.6617	0.5962	0.514	0.0833	0.7833	0.7843	0.5634	0.0868	0.5412	0.5636	0.44	0.7251	0.6903	0.533	0.5362	0.0848	0.7253	0.7221	0.5851	0.0842	0.5641	0.5751	0.4294	0.7507	0.636	0.5839	0.5156	0.0847	0.4211	0.3524	0.5508	0.0831	0.5244	0.5223	0.4974	0.2985	0.5948	0.5139	0.4941	0.0838	0.1606	0.1459	0.5246	0.0876	0.4831	0.4624	0.5721	0.3544	0.3901	0.4435	0.4207	0.0816	0.1374	0.1648	0.1275	0.0815	0.4983	0.4347	0.1426	0.4552	0.3377	0.3566	0.4309	0.0848	0.1982	0.1861	0.1994	0.0842	0.4106	0.4365	0.141	0.4887
140	23.94	1436.333333		0.7026	0.5949	0.5556	0.0843	0.8154	0.8046	0.6828	0.0921	0.595	0.5962	0.7937	0.728	0.6975	0.5355	0.4829	0.0838	0.7119	0.7075	0.5	0.0821	0.5073	0.5686	0.7114	0.7398	0.6628	0.5964	0.5146	0.0831	0.7837	0.7851	0.5637	0.087	0.5443	0.5661	0.4406	0.7242	0.6892	0.5339	0.5373	0.0845	0.7265	0.7228	0.5846	0.0843	0.564	0.5763	0.4286	0.7507	0.6374	0.5834	0.5173	0.0846	0.4219	0.3543	0.5516	0.0832	0.5256	0.5227	0.4977	0.2977	0.596	0.5142	0.4947	0.0836	0.1606	0.1457	0.5252	0.0876	0.4826	0.4626	0.573	0.3552	0.3886	0.4443	0.421	0.0816	0.1376	0.1648	0.1275	0.0813	0.4985	0.4351	0.1423	0.4559	0.34	0.3562	0.4314	0.0846	0.1978	0.1868	0.1993	0.0842	0.4114	0.4366	0.1407	0.4886
